drain TotalCurrent(IdVgdg_n71_des) X,drain TotalCurrent(IdVgdg_n71_des) Y,drain TotalCurrent(IdVgdg_n72_des) X,drain TotalCurrent(IdVgdg_n72_des) Y,drain TotalCurrent(IdVgdg_n73_des) X,drain TotalCurrent(IdVgdg_n73_des) Y,drain TotalCurrent(IdVgdg_n74_des) X,drain TotalCurrent(IdVgdg_n74_des) Y,drain TotalCurrent(IdVgdg_n75_des) X,drain TotalCurrent(IdVgdg_n75_des) Y,drain TotalCurrent(IdVgdg_n76_des) X,drain TotalCurrent(IdVgdg_n76_des) Y,drain TotalCurrent(IdVgdg_n77_des) X,drain TotalCurrent(IdVgdg_n77_des) Y,drain TotalCurrent(IdVgdg_n78_des) X,drain TotalCurrent(IdVgdg_n78_des) Y,drain TotalCurrent(IdVgdg_n79_des) X,drain TotalCurrent(IdVgdg_n79_des) Y,drain TotalCurrent(IdVgdg_n80_des) X,drain TotalCurrent(IdVgdg_n80_des) Y,drain TotalCurrent(IdVgdg_n81_des) X,drain TotalCurrent(IdVgdg_n81_des) Y,drain TotalCurrent(IdVgdg_n82_des) X,drain TotalCurrent(IdVgdg_n82_des) Y,drain TotalCurrent(IdVgdg_n83_des) X,drain TotalCurrent(IdVgdg_n83_des) Y,drain TotalCurrent(IdVgdg_n84_des) X,drain TotalCurrent(IdVgdg_n84_des) Y,drain TotalCurrent(IdVgdg_n85_des) X,drain TotalCurrent(IdVgdg_n85_des) Y,drain TotalCurrent(IdVgdg_n86_des) X,drain TotalCurrent(IdVgdg_n86_des) Y,drain TotalCurrent(IdVgdg_n87_des) X,drain TotalCurrent(IdVgdg_n87_des) Y,drain TotalCurrent(IdVgdg_n88_des) X,drain TotalCurrent(IdVgdg_n88_des) Y,drain TotalCurrent(IdVgdg_n89_des) X,drain TotalCurrent(IdVgdg_n89_des) Y,drain TotalCurrent(IdVgdg_n90_des) X,drain TotalCurrent(IdVgdg_n90_des) Y,drain TotalCurrent(IdVgdg_n91_des) X,drain TotalCurrent(IdVgdg_n91_des) Y,drain TotalCurrent(IdVgdg_n92_des) X,drain TotalCurrent(IdVgdg_n92_des) Y,drain TotalCurrent(IdVgdg_n93_des) X,drain TotalCurrent(IdVgdg_n93_des) Y,drain TotalCurrent(IdVgdg_n94_des) X,drain TotalCurrent(IdVgdg_n94_des) Y,drain TotalCurrent(IdVgdg_n95_des) X,drain TotalCurrent(IdVgdg_n95_des) Y,drain TotalCurrent(IdVgdg_n96_des) X,drain TotalCurrent(IdVgdg_n96_des) Y,drain TotalCurrent(IdVgdg_n97_des) X,drain TotalCurrent(IdVgdg_n97_des) Y
-1,1.4569732e-25,-1,3.825944e-25,-1,4.3661425e-25,-1,4.481863e-25,-1,4.5266473e-25,-1,4.5304942e-25,-1,4.6526583e-25,-1,4.6635198e-25,-1,4.7087572e-25,-1,4.7382929e-25,-1,4.857428e-25,-1,5.1006313e-25,-1,8.0900264e-25,-1,4.3926025e-24,-1,4.7696453e-23,-1,5.8684351e-22,-1,7.4528641e-21,-1,9.6807806e-20,-1,1.2840187e-18,-1,1.7333822e-17,-1,2.3393994e-16,-1,3.0014249e-15,-1,3.4127745e-14,-1,3.2229885e-13,-1,2.434262e-12,-1,1.4624574e-11,-1,6.7834694e-11
-0.94166667,1.2991605e-24,-0.94166667,3.4965136e-24,-0.94166667,4.0385994e-24,-0.94166667,4.1831657e-24,-0.94166667,4.2451642e-24,-0.94166667,4.2928253e-24,-0.94166667,4.3565117e-24,-0.94166667,4.3912391e-24,-0.94166667,4.437547e-24,-0.94166667,4.488358e-24,-0.94166667,4.5267208e-24,-0.94166667,4.5860402e-24,-0.94166667,4.690918e-24,-0.94166667,5.5563323e-24,-0.94166667,1.5666717e-23,-0.94166667,1.3919452e-22,-0.94166667,1.6914136e-21,-0.94166667,2.1640983e-20,-0.94166667,2.8354782e-19,-0.94166667,3.7914413e-18,-0.94166667,5.1372896e-17,-0.94166667,6.8447072e-16,-0.94166667,8.4182755e-15,-0.94166667,8.898069e-14,-0.94166667,7.7344946e-13,-0.94166667,5.2706769e-12,-0.94166667,2.8608759e-11
-0.88333333,1.2165224e-23,-0.88333333,3.2662866e-23,-0.88333333,3.771972e-23,-0.88333333,3.9141925e-23,-0.88333333,3.9732309e-23,-0.88333333,4.0262538e-23,-0.88333333,4.0755086e-23,-0.88333333,4.1222746e-23,-0.88333333,4.1669676e-23,-0.88333333,4.210235e-23,-0.88333333,4.2498082e-23,-0.88333333,4.2872841e-23,-0.88333333,4.3256125e-23,-0.88333333,4.3830605e-23,-0.88333333,4.6512586e-23,-0.88333333,7.5370538e-23,-0.88333333,4.2924622e-22,-0.88333333,4.9156758e-21,-0.88333333,6.3091992e-20,-0.88333333,8.3345962e-19,-0.88333333,1.1224228e-17,-0.88333333,1.5187618e-16,-0.88333333,1.974958e-15,-0.88333333,2.3026613e-14,-0.88333333,2.2453721e-13,-0.88333333,1.7698374e-12,-0.88333333,1.102248e-11
-0.825,1.134059e-22,-0.825,3.0484468e-22,-0.825,3.5219432e-22,-0.825,3.6576992e-22,-0.825,3.7157292e-22,-0.825,3.7680369e-22,-0.825,3.8164076e-22,-0.825,3.8616444e-22,-0.825,3.9044569e-22,-0.825,3.9447579e-22,-0.825,3.9832483e-22,-0.825,4.0198358e-22,-0.825,4.0549432e-22,-0.825,4.08893e-22,-0.825,4.1269965e-22,-0.825,4.2244133e-22,-0.825,5.066382e-22,-0.825,1.5258748e-21,-0.825,1.4543807e-20,-0.825,1.8482166e-19,-0.825,2.4582863e-18,-0.825,3.326957e-17,-0.825,4.4608759e-16,-0.825,5.5875455e-15,-0.825,6.0906997e-14,-0.825,5.4792509e-13,-0.825,3.8847714e-12
-0.76666667,1.0561004e-21,-0.76666667,2.8406043e-21,-0.76666667,3.2840043e-21,-0.76666667,3.4140008e-21,-0.76666667,3.4709248e-21,-0.76666667,3.5217226e-21,-0.76666667,3.5686588e-21,-0.76666667,3.6124344e-21,-0.76666667,3.6534847e-21,-0.76666667,3.6922101e-21,-0.76666667,3.7289225e-21,-0.76666667,3.763851e-21,-0.76666667,3.7972023e-21,-0.76666667,3.829137e-21,-0.76666667,3.8599157e-21,-0.76666667,3.8909649e-21,-0.76666667,3.9382043e-21,-0.76666667,4.1976956e-21,-0.76666667,7.157218e-21,-0.76666667,4.5083344e-20,-0.76666667,5.4525587e-19,-0.76666667,7.2736387e-18,-0.76666667,9.8500842e-17,-0.76666667,1.2953767e-15,-0.76666667,1.5451408e-14,-0.76666667,1.5562255e-13,-0.76666667,1.2781871e-12
-0.70833333,9.8130612e-21,-0.70833333,2.6414446e-20,-0.70833333,3.0561725e-20,-0.70833333,3.1809854e-20,-0.70833333,3.2368562e-20,-0.70833333,3.2863974e-20,-0.70833333,3.3319068e-20,-0.70833333,3.3741215e-20,-0.70833333,3.41357e-20,-0.70833333,3.4506606e-20,-0.70833333,3.4857109e-20,-0.70833333,3.5189748e-20,-0.70833333,3.5506603e-20,-0.70833333,3.5809428e-20,-0.70833333,3.6099681e-20,-0.70833333,3.6378908e-20,-0.70833333,3.6651784e-20,-0.70833333,3.6964264e-20,-0.70833333,3.7880571e-20,-0.70833333,4.6619176e-20,-0.70833333,1.5761912e-19,-0.70833333,1.6319545e-18,-0.70833333,2.1579657e-17,-0.70833333,2.9024507e-16,-0.70833333,3.6954872e-15,-0.70833333,4.1457112e-14,-0.70833333,3.8530254e-13
-0.65,9.0926108e-20,-0.65,2.4498695e-19,-0.65,2.8372823e-19,-0.65,2.9574023e-19,-0.65,3.0123767e-19,-0.65,3.0607425e-19,-0.65,3.1048632e-19,-0.65,3.1455636e-19,-0.65,3.1834267e-19,-0.65,3.218891e-19,-0.65,3.2522964e-19,-0.65,3.2839125e-19,-0.65,3.313957e-19,-0.65,3.3426087e-19,-0.65,3.3700159e-19,-0.65,3.3963044e-19,-0.65,3.4215895e-19,-0.65,3.4460658e-19,-0.65,3.4710991e-19,-0.65,3.5130205e-19,-0.65,3.7820851e-19,-0.65,7.0523605e-19,-0.65,5.0654001e-18,-0.65,6.418783e-17,-0.65,8.4754137e-16,-0.65,1.0318538e-14,-0.65,1.073392e-13
-0.59166667,8.3938662e-19,-0.59166667,2.2644945e-18,-0.59166667,2.6258474e-18,-0.59166667,2.741819e-18,-0.59166667,2.7960581e-18,-0.59166667,2.8433129e-18,-0.59166667,2.8860672e-18,-0.59166667,2.9252557e-18,-0.59166667,2.9615246e-18,-0.59166667,2.9953514e-18,-0.59166667,3.0271006e-18,-0.59166667,3.0570571e-18,-0.59166667,3.0854488e-18,-0.59166667,3.112461e-18,-0.59166667,3.1382465e-18,-0.59166667,3.1629331e-18,-0.59166667,3.1866288e-18,-0.59166667,3.2094284e-18,-0.59166667,3.2314406e-18,-0.59166667,3.2531035e-18,-0.59166667,3.2791888e-18,-0.59166667,3.3711814e-18,-0.59166667,4.346772e-18,-0.59166667,1.7279445e-17,-0.59166667,1.9187167e-16,-0.59166667,2.4390721e-15,-0.59166667,2.8056594e-14
-0.53333333,7.7109937e-18,-0.53333333,2.0837391e-17,-0.53333333,2.4202312e-17,-0.53333333,2.5326901e-17,-0.53333333,2.5863706e-17,-0.53333333,2.6325568e-17,-0.53333333,2.6739341e-17,-0.53333333,2.7115772e-17,-0.53333333,2.7462102e-17,-0.53333333,2.7783555e-17,-0.53333333,2.8084049e-17,-0.53333333,2.8366608e-17,-0.53333333,2.8633616e-17,-0.53333333,2.8886996e-17,-0.53333333,2.9128318e-17,-0.53333333,2.9358887e-17,-0.53333333,2.9579796e-17,-0.53333333,2.9791975e-17,-0.53333333,2.9996227e-17,-0.53333333,3.0193324e-17,-0.53333333,3.0384926e-17,-0.53333333,3.0585259e-17,-0.53333333,3.0974979e-17,-0.53333333,3.3972155e-17,-0.53333333,7.2431337e-17,-0.53333333,5.8396168e-16,-0.53333333,6.8929981e-15
-0.475,7.0587296e-17,-0.475,1.908923e-16,-0.475,2.2219494e-16,-0.475,2.3319555e-16,-0.475,2.3854591e-16,-0.475,2.4307395e-16,-0.475,2.4708189e-16,-0.475,2.50696e-16,-0.475,2.539984e-16,-0.475,2.5704678e-16,-0.475,2.5988351e-16,-0.475,2.6254075e-16,-0.475,2.6504355e-16,-0.475,2.6741187e-16,-0.475,2.6966186e-16,-0.475,2.7180684e-16,-0.475,2.738579e-16,-0.475,2.7582437e-16,-0.475,2.777142e-16,-0.475,2.7953434e-16,-0.475,2.8129091e-16,-0.475,2.8299217e-16,-0.475,2.8468265e-16,-0.475,2.8689677e-16,-0.475,2.9680485e-16,-0.475,4.1159841e-16,-0.475,1.8908327e-15
-0.41666667,6.4780688e-16,-0.41666667,1.7495018e-15,-0.41666667,2.035984e-15,-0.41666667,2.1451099e-15,-0.41666667,2.199301e-15,-0.41666667,2.2441618e-15,-0.41666667,2.2832759e-15,-0.41666667,2.3181763e-15,-0.41666667,2.3498148e-15,-0.41666667,2.3788381e-15,-0.41666667,2.4057098e-15,-0.41666667,2.4307754e-15,-0.41666667,2.4543e-15,-0.41666667,2.4764921e-15,-0.41666667,2.4975189e-15,-0.41666667,2.517517e-15,-0.41666667,2.5365991e-15,-0.41666667,2.5548599e-15,-0.41666667,2.5723793e-15,-0.41666667,2.5892259e-15,-0.41666667,2.6054586e-15,-0.41666667,2.6211296e-15,-0.41666667,2.6362925e-15,-0.41666667,2.6511039e-15,-0.41666667,2.6671653e-15,-0.41666667,2.7057757e-15,-0.41666667,3.0523155e-15
-0.35833333,5.7116646e-15,-0.35833333,1.5661122e-14,-0.35833333,1.8299632e-14,-0.35833333,1.9285615e-14,-0.35833333,1.9821918e-14,-0.35833333,2.0252741e-14,-0.35833333,2.0620799e-14,-0.35833333,2.0944748e-14,-0.35833333,2.1235496e-14,-0.35833333,2.1500144e-14,-0.35833333,2.174364e-14,-0.35833333,2.1969588e-14,-0.35833333,2.218071e-14,-0.35833333,2.2379116e-14,-0.35833333,2.2566478e-14,-0.35833333,2.2744147e-14,-0.35833333,2.2913233e-14,-0.35833333,2.3074655e-14,-0.35833333,2.322919e-14,-0.35833333,2.3377496e-14,-0.35833333,2.3520138e-14,-0.35833333,2.3657605e-14,-0.35833333,2.3790326e-14,-0.35833333,2.3918698e-14,-0.35833333,2.4043396e-14,-0.35833333,2.4169351e-14,-0.35833333,2.4359844e-14
-0.3,4.8474506e-14,-0.3,1.3458927e-13,-0.3,1.5961951e-13,-0.3,1.6895132e-13,-0.3,1.7402247e-13,-0.3,1.7802512e-13,-0.3,1.8134922e-13,-0.3,1.8422258e-13,-0.3,1.8676881e-13,-0.3,1.8906412e-13,-0.3,1.9115969e-13,-0.3,1.9309186e-13,-0.3,1.9488752e-13,-0.3,1.965672e-13,-0.3,1.9814693e-13,-0.3,1.9963955e-13,-0.3,2.0105548e-13,-0.3,2.024033e-13,-0.3,2.0369019e-13,-0.3,2.049222e-13,-0.3,2.0610451e-13,-0.3,2.0724155e-13,-0.3,2.0833718e-13,-0.3,2.0939477e-13,-0.3,2.1041735e-13,-0.3,2.1140855e-13,-0.3,2.1238445e-13
-0.24166667,3.8681931e-13,-0.24166667,1.0957256e-12,-0.24166667,1.3193785e-12,-0.24166667,1.4251447e-12,-0.24166667,1.4636631e-12,-0.24166667,1.4985618e-12,-0.24166667,1.5265075e-12,-0.24166667,1.5500756e-12,-0.24166667,1.5706139e-12,-0.24166667,1.5889001e-12,-0.24166667,1.6054324e-12,-0.24166667,1.6205541e-12,-0.24166667,1.634513e-12,-0.24166667,1.6474946e-12,-0.24166667,1.659642e-12,-0.24166667,1.671068e-12,-0.24166667,1.6818632e-12,-0.24166667,1.6921018e-12,-0.24166667,1.701845e-12,-0.24166667,1.7111442e-12,-0.24166667,1.720043e-12,-0.24166667,1.7285787e-12,-0.24166667,1.7367833e-12,-0.24166667,1.7446848e-12,-0.24166667,1.7523076e-12,-0.24166667,1.7596735e-12,-0.24166667,1.7668044e-12
-0.18333333,2.723558e-12,-0.18333333,8.0219599e-12,-0.18333333,9.8805693e-12,-0.18333333,1.087278e-11,-0.18333333,1.121499e-11,-0.18333333,1.146116e-11,-0.18333333,1.1658902e-11,-0.18333333,1.1819913e-11,-0.18333333,1.1956987e-11,-0.18333333,1.2076999e-11,-0.18333333,1.2184099e-11,-0.18333333,1.2281027e-11,-0.18333333,1.2369708e-11,-0.18333333,1.2451551e-11,-0.18333333,1.2527624e-11,-0.18333333,1.2598753e-11,-0.18333333,1.2665598e-11,-0.18333333,1.2728689e-11,-0.18333333,1.2788461e-11,-0.18333333,1.2845277e-11,-0.18333333,1.2899441e-11,-0.18333333,1.2951212e-11,-0.18333333,1.3000811e-11,-0.18333333,1.3048429e-11,-0.18333333,1.3094234e-11,-0.18333333,1.313837e-11,-0.18333333,1.3180968e-11
-0.125,1.5587153e-11,-0.125,4.8626249e-11,-0.125,6.2019223e-11,-0.125,6.93441e-11,-0.125,7.2031348e-11,-0.125,7.3100712e-11,-0.125,7.4094052e-11,-0.125,7.4867231e-11,-0.125,7.5504321e-11,-0.125,7.6049611e-11,-0.125,7.6527957e-11,-0.125,7.6954961e-11,-0.125,7.7341185e-11,-0.125,7.7694156e-11,-0.125,7.8019451e-11,-0.125,7.832132e-11,-0.125,7.8603089e-11,-0.125,7.8867408e-11,-0.125,7.9116427e-11,-0.125,7.9351913e-11,-0.125,7.9575339e-11,-0.125,7.9787947e-11,-0.125,7.9990793e-11,-0.125,8.0184782e-11,-0.125,8.0370697e-11,-0.125,8.054922e-11,-0.125,8.072095e-11
-0.066666667,7.0445071e-11,-0.066666667,2.3226353e-10,-0.066666667,3.073021e-10,-0.066666667,3.4860905e-10,-0.066666667,3.602833e-10,-0.066666667,3.6501385e-10,-0.066666667,3.6786922e-10,-0.066666667,3.7018455e-10,-0.066666667,3.7201395e-10,-0.066666667,3.7353612e-10,-0.066666667,3.7484469e-10,-0.066666667,3.7599464e-10,-0.066666667,3.7702165e-10,-0.066666667,3.7795031e-10,-0.066666667,3.7879836e-10,-0.066666667,3.795791e-10,-0.066666667,3.8030272e-10,-0.066666667,3.8097724e-10,-0.066666667,3.8160909e-10,-0.066666667,3.822035e-10,-0.066666667,3.8276477e-10,-0.066666667,3.832965e-10,-0.066666667,3.8380173e-10,-0.066666667,3.8428305e-10,-0.066666667,3.8474268e-10,-0.066666667,3.8518255e-10,-0.066666667,3.8560433e-10
-0.0083333333,2.7143045e-10,-0.0083333333,9.2382837e-10,-0.0083333333,1.2560467e-09,-0.0083333333,1.441835e-09,-0.0083333333,1.4822249e-09,-0.0083333333,1.4969814e-09,-0.0083333333,1.5027326e-09,-0.0083333333,1.5075343e-09,-0.0083333333,1.5111753e-09,-0.0083333333,1.5141055e-09,-0.0083333333,1.5165697e-09,-0.0083333333,1.5187011e-09,-0.0083333333,1.5205812e-09,-0.0083333333,1.5222643e-09,-0.0083333333,1.5237887e-09,-0.0083333333,1.5251823e-09,-0.0083333333,1.526466e-09,-0.0083333333,1.5276562e-09,-0.0083333333,1.5287659e-09,-0.0083333333,1.5298053e-09,-0.0083333333,1.530783e-09,-0.0083333333,1.5317061e-09,-0.0083333333,1.5325803e-09,-0.0083333333,1.5334107e-09,-0.0083333333,1.5342015e-09,-0.0083333333,1.5349564e-09,-0.0083333333,1.5356785e-09
0.05,9.5001792e-10,0.05,3.2925651e-09,0.05,4.5266279e-09,0.05,5.2381065e-09,0.05,5.3698019e-09,0.05,5.4050146e-09,0.05,5.4189966e-09,0.05,5.4258545e-09,0.05,5.431706e-09,0.05,5.4362368e-09,0.05,5.4399521e-09,0.05,5.4431113e-09,0.05,5.4458639e-09,0.05,5.4483048e-09,0.05,5.4504987e-09,0.05,5.4524917e-09,0.05,5.454318e-09,0.05,5.4560037e-09,0.05,5.4575691e-09,0.05,5.4590305e-09,0.05,5.460401e-09,0.05,5.4616913e-09,0.05,5.4629105e-09,0.05,5.464066e-09,0.05,5.4651643e-09,0.05,5.4662109e-09,0.05,5.4672103e-09
0.10833333,3.0188631e-09,0.10833333,1.0723001e-08,0.10833333,1.4918233e-08,0.10833333,1.7341745e-08,0.10833333,1.7770722e-08,0.10833333,1.7858499e-08,0.10833333,1.7887444e-08,0.10833333,1.7898655e-08,0.10833333,1.7906911e-08,0.10833333,1.7913235e-08,0.10833333,1.7918271e-08,0.10833333,1.7922452e-08,0.10833333,1.7926046e-08,0.10833333,1.7929206e-08,0.10833333,1.7932024e-08,0.10833333,1.7934569e-08,0.10833333,1.793689e-08,0.10833333,1.7939023e-08,0.10833333,1.7940997e-08,0.10833333,1.7942835e-08,0.10833333,1.7944554e-08,0.10833333,1.7946169e-08,0.10833333,1.7947692e-08,0.10833333,1.7949133e-08,0.10833333,1.7950501e-08,0.10833333,1.7951803e-08,0.10833333,1.7953045e-08
0.16666667,8.3120855e-09,0.16666667,3.0746265e-08,0.16666667,4.3893515e-08,0.16666667,5.190896e-08,0.16666667,5.3412302e-08,0.16666667,5.3687889e-08,0.16666667,5.3754589e-08,0.16666667,5.3780668e-08,0.16666667,5.3791305e-08,0.16666667,5.3800817e-08,0.16666667,5.3808087e-08,0.16666667,5.3813998e-08,0.16666667,5.3818913e-08,0.16666667,5.3823332e-08,0.16666667,5.3827165e-08,0.16666667,5.3830606e-08,0.16666667,5.3833728e-08,0.16666667,5.3836586e-08,0.16666667,5.3839223e-08,0.16666667,5.384167e-08,0.16666667,5.3843955e-08,0.16666667,5.3846098e-08,0.16666667,5.3848115e-08,0.16666667,5.3850022e-08,0.16666667,5.3851829e-08,0.16666667,5.3853548e-08,0.16666667,5.3855186e-08
0.225,1.8722434e-08,0.225,7.3250183e-08,0.225,1.0871906e-07,0.225,1.3295757e-07,0.225,1.3864331e-07,0.225,1.3989466e-07,0.225,1.4015407e-07,0.225,1.4023196e-07,0.225,1.4026233e-07,0.225,1.4028155e-07,0.225,1.4029662e-07,0.225,1.4030846e-07,0.225,1.4031831e-07,0.225,1.4032746e-07,0.225,1.4033404e-07,0.225,1.4034047e-07,0.225,1.4034634e-07,0.225,1.403517e-07,0.225,1.4035662e-07,0.225,1.4036117e-07,0.225,1.403654e-07,0.225,1.4036936e-07,0.225,1.4037309e-07,0.225,1.403766e-07,0.225,1.4037992e-07,0.225,1.4038307e-07,0.225,1.4038607e-07
0.28333333,3.3895005e-08,0.28333333,1.4120868e-07,0.28333333,2.2085085e-07,0.28333333,2.8177029e-07,0.28333333,2.9931012e-07,0.28333333,3.0477072e-07,0.28333333,3.0614678e-07,0.28333333,3.0648491e-07,0.28333333,3.0660817e-07,0.28333333,3.0665676e-07,0.28333333,3.0669704e-07,0.28333333,3.0672754e-07,0.28333333,3.0675661e-07,0.28333333,3.0677423e-07,0.28333333,3.0679026e-07,0.28333333,3.0680576e-07,0.28333333,3.0681969e-07,0.28333333,3.0683231e-07,0.28333333,3.0684383e-07,0.28333333,3.0685445e-07,0.28333333,3.0686429e-07,0.28333333,3.0687346e-07,0.28333333,3.0688205e-07,0.28333333,3.0689014e-07,0.28333333,3.0689777e-07,0.28333333,3.0690499e-07,0.28333333,3.0691186e-07
0.34166667,5.1911628e-08,0.34166667,2.2702755e-07,0.34166667,3.7708277e-07,0.34166667,5.1131404e-07,0.34166667,5.5416436e-07,0.34166667,5.7076559e-07,0.34166667,5.7673308e-07,0.34166667,5.7835746e-07,0.34166667,5.7883521e-07,0.34166667,5.790233e-07,0.34166667,5.7911858e-07,0.34166667,5.791974e-07,0.34166667,5.7925532e-07,0.34166667,5.7931041e-07,0.34166667,5.793624e-07,0.34166667,5.793877e-07,0.34166667,5.7941902e-07,0.34166667,5.7944818e-07,0.34166667,5.7947467e-07,0.34166667,5.7949895e-07,0.34166667,5.7952136e-07,0.34166667,5.7954217e-07,0.34166667,5.7956161e-07,0.34166667,5.7957983e-07,0.34166667,5.79597e-07,0.34166667,5.7961321e-07,0.34166667,5.7962859e-07
0.4,7.4751387e-08,0.4,3.3158507e-07,0.4,5.7287319e-07,0.4,8.4058819e-07,0.4,9.4118625e-07,0.4,9.8352391e-07,0.4,1.0026336e-06,0.4,1.0097871e-06,0.4,1.0118851e-06,0.4,1.0126002e-06,0.4,1.0128794e-06,0.4,1.0130785e-06,0.4,1.0132303e-06,0.4,1.0133389e-06,0.4,1.013451e-06,0.4,1.0135835e-06,0.4,1.013607e-06,0.4,1.0136652e-06,0.4,1.0137239e-06,0.4,1.0137773e-06,0.4,1.0138265e-06,0.4,1.013872e-06,0.4,1.0139143e-06,0.4,1.0139539e-06,0.4,1.013991e-06,0.4,1.0140261e-06,0.4,1.0140592e-06
0.45833333,1.116412e-07,0.45833333,4.8826999e-07,0.45833333,8.4685148e-07,0.45833333,1.3125787e-06,0.45833333,1.5441769e-06,0.45833333,1.65447e-06,0.45833333,1.7083822e-06,0.45833333,1.7342935e-06,0.45833333,1.7442676e-06,0.45833333,1.7475058e-06,0.45833333,1.7487135e-06,0.45833333,1.7492464e-06,0.45833333,1.7496537e-06,0.45833333,1.7499662e-06,0.45833333,1.7502352e-06,0.45833333,1.7504305e-06,0.45833333,1.7506097e-06,0.45833333,1.7507616e-06,0.45833333,1.7509017e-06,0.45833333,1.751029e-06,0.45833333,1.7511454e-06,0.45833333,1.7512527e-06,0.45833333,1.7513521e-06,0.45833333,1.7514449e-06,0.45833333,1.7515318e-06,0.45833333,1.7516135e-06,0.45833333,1.7516906e-06
0.51666667,1.7890622e-07,0.51666667,7.6923595e-07,0.51666667,1.3125996e-06,0.51666667,2.0512e-06,0.51666667,2.4960597e-06,0.51666667,2.7573582e-06,0.51666667,2.9140819e-06,0.51666667,2.9993395e-06,0.51666667,3.0407266e-06,0.51666667,3.0573248e-06,0.51666667,3.0632607e-06,0.51666667,3.0655277e-06,0.51666667,3.0667725e-06,0.51666667,3.0676541e-06,0.51666667,3.0683371e-06,0.51666667,3.0688811e-06,0.51666667,3.0693946e-06,0.51666667,3.0698003e-06,0.51666667,3.0701421e-06,0.51666667,3.0704586e-06,0.51666667,3.0707471e-06,0.51666667,3.0710118e-06,0.51666667,3.0712564e-06,0.51666667,3.0714837e-06,0.51666667,3.0716961e-06,0.51666667,3.0718953e-06,0.51666667,3.0720829e-06
0.575,2.8538341e-07,0.575,1.2359168e-06,0.575,2.1036292e-06,0.575,3.2559178e-06,0.575,4.0089793e-06,0.575,4.5008217e-06,0.575,4.8261494e-06,0.575,5.0472701e-06,0.575,5.1880466e-06,0.575,5.2664726e-06,0.575,5.3008226e-06,0.575,5.3133539e-06,0.575,5.3182617e-06,0.575,5.321064e-06,0.575,5.3229757e-06,0.575,5.3245212e-06,0.575,5.3258726e-06,0.575,5.3268565e-06,0.575,5.3275683e-06,0.575,5.3284915e-06,0.575,5.3291884e-06,0.575,5.3298249e-06,0.575,5.3304107e-06,0.575,5.3309532e-06,0.575,5.3314583e-06,0.575,5.331931e-06,0.575,5.3323759e-06
0.63333333,4.3654514e-07,0.63333333,1.9173572e-06,0.63333333,3.3079411e-06,0.63333333,5.1591451e-06,0.63333333,6.3750269e-06,0.63333333,7.2298328e-06,0.63333333,7.824924e-06,0.63333333,8.2489803e-06,0.63333333,8.5536826e-06,0.63333333,8.7621556e-06,0.63333333,8.8930761e-06,0.63333333,8.9640395e-06,0.63333333,8.9944408e-06,0.63333333,9.0064235e-06,0.63333333,9.0125812e-06,0.63333333,9.0168186e-06,0.63333333,9.0198697e-06,0.63333333,9.0233587e-06,0.63333333,9.0246995e-06,0.63333333,9.0265587e-06,0.63333333,9.0287477e-06,0.63333333,9.0302172e-06,0.63333333,9.0315635e-06,0.63333333,9.0328056e-06,0.63333333,9.0339586e-06,0.63333333,9.0350343e-06,0.63333333,9.0360425e-06
0.69166667,6.3210504e-07,0.69166667,2.8240987e-06,0.69166667,4.9466815e-06,0.69166667,7.8890398e-06,0.69166667,9.83639e-06,0.69166667,1.124638e-05,0.69166667,1.2278832e-05,0.69166667,1.3032157e-05,0.69166667,1.359231e-05,0.69166667,1.4008883e-05,0.69166667,1.4307396e-05,0.69166667,1.4508626e-05,0.69166667,1.4630781e-05,0.69166667,1.469229e-05,0.69166667,1.4720188e-05,0.69166667,1.4733778e-05,0.69166667,1.4742156e-05,0.69166667,1.4748484e-05,0.69166667,1.4754329e-05,0.69166667,1.4758174e-05,0.69166667,1.4763503e-05,0.69166667,1.4765355e-05,0.69166667,1.4769803e-05,0.69166667,1.4772486e-05,0.69166667,1.4774968e-05,0.69166667,1.4777276e-05,0.69166667,1.4779433e-05
0.75,8.5743312e-07,0.75,3.9068487e-06,0.75,6.9668441e-06,0.75,1.1346697e-05,0.75,1.438833e-05,0.75,1.6614589e-05,0.75,1.8306806e-05,0.75,1.9584907e-05,0.75,2.0550237e-05,0.75,2.1285546e-05,0.75,2.1845828e-05,0.75,2.2261578e-05,0.75,2.2557602e-05,0.75,2.275072e-05,0.75,2.2862066e-05,0.75,2.2919988e-05,0.75,2.2949414e-05,0.75,2.2966346e-05,0.75,2.2978332e-05,0.75,2.2988135e-05,0.75,2.2995816e-05,0.75,2.3003756e-05,0.75,2.3009714e-05,0.75,2.301533e-05,0.75,2.3023761e-05,0.75,2.302836e-05,0.75,2.3032645e-05
0.80833333,1.0937786e-06,0.80833333,5.0735047e-06,0.80833333,9.2203077e-06,0.80833333,1.5354161e-05,0.80833333,1.9722252e-05,0.80833333,2.3073225e-05,0.80833333,2.5676919e-05,0.80833333,2.7716896e-05,0.80833333,2.9303231e-05,0.80833333,3.053282e-05,0.80833333,3.1487383e-05,0.80833333,3.2227761e-05,0.80833333,3.2791291e-05,0.80833333,3.320908e-05,0.80833333,3.3500387e-05,0.80833333,3.3685404e-05,0.80833333,3.3793427e-05,0.80833333,3.3853221e-05,0.80833333,3.3887922e-05,0.80833333,3.3909636e-05,0.80833333,3.3927519e-05,0.80833333,3.3941631e-05,0.80833333,3.3954014e-05,0.80833333,3.3965618e-05,0.80833333,3.3975143e-05,0.80833333,3.398405e-05,0.80833333,3.3998105e-05
0.86666667,1.3294958e-06,0.86666667,6.253704e-06,0.86666667,1.1555865e-05,0.86666667,1.9703921e-05,0.86666667,2.5588592e-05,0.86666667,3.0203077e-05,0.86666667,3.3947543e-05,0.86666667,3.6978691e-05,0.86666667,3.9417064e-05,0.86666667,4.1365598e-05,0.86666667,4.2911145e-05,0.86666667,4.4133745e-05,0.86666667,4.5097524e-05,0.86666667,4.5843153e-05,0.86666667,4.6415819e-05,0.86666667,4.683989e-05,0.86666667,4.7127201e-05,0.86666667,4.7308648e-05,0.86666667,4.7419011e-05,0.86666667,4.7484699e-05,0.86666667,4.7526372e-05,0.86666667,4.7556387e-05,0.86666667,4.7581257e-05,0.86666667,4.7602795e-05,0.86666667,4.7621269e-05,0.86666667,4.7639281e-05,0.86666667,4.7652699e-05
0.925,1.5596809e-06,0.925,7.413256e-06,0.925,1.388049e-05,0.925,2.4207826e-05,0.925,3.1813101e-05,0.925,3.777754e-05,0.925,4.2734654e-05,0.925,4.690081e-05,0.925,5.0377462e-05,0.925,5.3246068e-05,0.925,5.5597956e-05,0.925,5.7507148e-05,0.925,5.9043823e-05,0.925,6.0279679e-05,0.925,6.1251306e-05,0.925,6.2016486e-05,0.925,6.2611031e-05,0.925,6.3037893e-05,0.925,6.3321876e-05,0.925,6.3511027e-05,0.925,6.3621823e-05,0.925,6.3697951e-05,0.925,6.374957e-05,0.925,6.3789494e-05,0.925,6.3823494e-05,0.925,6.3856018e-05,0.925,6.3881488e-05
0.98333333,1.7828939e-06,0.98333333,8.5400989e-06,0.98333333,1.6152719e-05,0.98333333,2.8724918e-05,0.98333333,3.8251959e-05,0.98333333,4.568913e-05,0.98333333,5.1882956e-05,0.98333333,5.7209133e-05,0.98333333,6.1797346e-05,0.98333333,6.5716065e-05,0.98333333,6.9026558e-05,0.98333333,7.1802941e-05,0.98333333,7.4111283e-05,0.98333333,7.6000315e-05,0.98333333,7.7557493e-05,0.98333333,7.8805532e-05,0.98333333,7.9798801e-05,0.98333333,8.0613745e-05,0.98333333,8.1212704e-05,0.98333333,8.1642627e-05,0.98333333,8.1941942e-05,0.98333333,8.2120287e-05,0.98333333,8.2243053e-05,0.98333333,8.2330968e-05,0.98333333,8.2397732e-05,0.98333333,8.2449659e-05,0.98333333,8.2494739e-05
1.0416667,1.9990467e-06,1.0416667,9.6318073e-06,1.0416667,1.8359173e-05,1.0416667,3.3172177e-05,1.0416667,4.4766201e-05,1.0416667,5.3853532e-05,1.0416667,6.1343206e-05,1.0416667,6.7822964e-05,1.0416667,7.351688e-05,1.0416667,7.8510287e-05,1.0416667,8.2856347e-05,1.0416667,8.6600605e-05,1.0416667,8.9803495e-05,1.0416667,9.2530661e-05,1.0416667,9.4799478e-05,1.0416667,9.6711344e-05,1.0416667,9.8293362e-05,1.0416667,9.9547927e-05,1.0416667,0.00010063686,1.0416667,0.00010143558,1.0416667,0.00010206873,1.0416667,0.00010251605,1.0416667,0.0001027861,1.0416667,0.00010298068,1.0416667,0.00010311637,1.0416667,0.00010322124,1.0416667,0.00010330406
1.1,2.2085903e-06,1.1,1.0689937e-05,1.1,2.0498925e-05,1.1,3.7513709e-05,1.1,5.1241981e-05,1.1,6.2165406e-05,1.1,7.1077341e-05,1.1,7.8731758e-05,1.1,8.5511686e-05,1.1,9.1559112e-05,1.1,9.6935144e-05,1.1,0.00010168568,1.1,0.00010584454,1.1,0.00010946328,1.1,0.00011261338,1.1,0.00011527607,1.1,0.00011755751,1.1,0.00011953053,1.1,0.00012107493,1.1,0.000122403,1.1,0.00012351638,1.1,0.00012439964,1.1,0.00012504994,1.1,0.0001254379,1.1,0.00012573096,1.1,0.00012593622,1.1,0.00012609104
1.1583333,2.4120679e-06,1.1583333,1.1716943e-05,1.1583333,2.2575625e-05,1.1583333,4.1739051e-05,1.1583333,5.7610006e-05,1.1583333,7.0503298e-05,1.1583333,8.1016398e-05,1.1583333,8.9924461e-05,1.1583333,9.7793367e-05,1.1583333,0.00010487028,1.1583333,0.00011125133,1.1583333,0.00011698553,1.1583333,0.0001221107,1.1583333,0.00012666376,1.1583333,0.00013068048,1.1583333,0.00013422924,1.1583333,0.0001373044,1.1583333,0.00013995748,1.1583333,0.00014231804,1.1583333,0.00014422384,1.1583333,0.00014583049,1.1583333,0.0001472844,1.1583333,0.00014864435,1.1583333,0.00014937174,1.1583333,0.00014991035,1.1583333,0.00015033151,1.1583333,0.0001506262
1.2166667,2.6100351e-06,1.2166667,1.2715585e-05,1.2166667,2.4594147e-05,1.2166667,4.5849914e-05,1.2166667,6.3839843e-05,1.2166667,7.8768754e-05,1.2166667,9.1056065e-05,1.2166667,0.00010136123,1.2166667,0.00011036498,1.2166667,0.0001184657,1.2166667,0.0001258285,1.2166667,0.00013252162,1.2166667,0.00013858973,1.2166667,0.00014406027,1.2166667,0.00014898602,1.2166667,0.00015337112,1.2166667,0.00015730416,1.2166667,0.00016079215,1.2166667,0.00016380752,1.2166667,0.00016655109,1.2166667,0.00016886834,1.2166667,0.00017077877,1.2166667,0.00017260062,1.2166667,0.00017436825,1.2166667,0.00017532577,1.2166667,0.00017605673,1.2166667,0.00017664251
1.275,2.8030146e-06,1.275,1.3688506e-05,1.275,2.6559652e-05,1.275,4.9852823e-05,1.275,6.9922434e-05,1.275,8.6903669e-05,1.275,0.00010108401,1.275,0.00011296352,1.275,0.00012320556,1.275,0.00013235682,1.275,0.00014069101,1.275,0.00014832513,1.275,0.00015530977,1.275,0.00016168833,1.275,0.00016747761,1.275,0.00017275696,1.275,0.00017748483,1.275,0.00018177871,1.275,0.00018567497,1.275,0.00018903531,1.275,0.00019217343,1.275,0.00019491634,1.275,0.000197158,1.275,0.00019913062,1.275,0.00020157936,1.275,0.00020276327,1.275,0.00020375739
1.3333333,2.9914454e-06,1.3333333,1.4638028e-05,1.3333333,2.8476827e-05,1.3333333,5.3755669e-05,1.3333333,7.5860759e-05,1.3333333,9.4881469e-05,1.3333333,0.00011101599,1.3333333,0.00012462499,1.3333333,0.00013625972,1.3333333,0.00014653276,1.3333333,0.00015585503,1.3333333,0.00016441734,1.3333333,0.00017230627,1.3333333,0.00017956327,1.3333333,0.00018623227,1.3333333,0.00019231605,1.3333333,0.00019792971,1.3333333,0.00020298229,1.3333333,0.00020760621,1.3333333,0.00021190995,1.3333333,0.00021558763,1.3333333,0.00021912679,1.3333333,0.00022219716,1.3333333,0.00022489881,1.3333333,0.00022718463,1.3333333,0.00023012539,1.3333333,0.000231613
1.3916667,3.1757155e-06,1.3916667,1.5566138e-05,1.3916667,3.0349811e-05,1.3916667,5.7566059e-05,1.3916667,8.1661083e-05,1.3916667,0.00010269402,1.3916667,0.00012080258,1.3916667,0.00013624417,1.3916667,0.00014943896,1.3916667,0.00016095528,1.3916667,0.00017131525,1.3916667,0.00018081642,1.3916667,0.0001895979,1.3916667,0.0001977267,1.3916667,0.00020524008,1.3916667,0.00021218605,1.3916667,0.00021853669,1.3916667,0.00022446622,1.3916667,0.00022982696,1.3916667,0.00023474565,1.3916667,0.0002393859,1.3916667,0.00024343727,1.3916667,0.00024728295,1.3916667,0.00025073865,1.3916667,0.00025395452,1.3916667,0.0002565555,1.3916667,0.00025996126
1.45,3.3561979e-06,1.45,1.6474747e-05,1.45,3.2182472e-05,1.45,6.12917e-05,1.45,8.7331883e-05,1.45,0.00011034256,1.45,0.00013041981,1.45,0.0001477487,1.45,0.00016263919,1.45,0.00017555505,1.45,0.00018704372,1.45,0.00019752056,1.45,0.00020720092,1.45,0.00021619187,1.45,0.00022454832,1.45,0.00023230373,1.45,0.00023951489,1.45,0.00024610913,1.45,0.00025230938,1.45,0.00025799315,1.45,0.00026319143,1.45,0.000268114,1.45,0.00027256355,1.45,0.0002766316,1.45,0.00028054139,1.45,0.0002842549,1.45,0.00028713544
1.5083333,3.5331296e-06,1.5083333,1.7365252e-05,1.5083333,3.3977956e-05,1.5083333,6.4939195e-05,1.5083333,9.2882575e-05,1.5083333,0.00011783358,1.5083333,0.00013986033,1.5083333,0.0001590964,1.5083333,0.00017577062,1.5083333,0.00019023836,1.5083333,0.00020298701,1.5083333,0.00021450755,1.5083333,0.00022511588,1.5083333,0.00023497268,1.5083333,0.00024416357,1.5083333,0.00025273921,1.5083333,0.00026072267,1.5083333,0.00026818838,1.5083333,0.00027500399,1.5083333,0.00028145516,1.5083333,0.00028745769,1.5083333,0.00029291874,1.5083333,0.00029808296,1.5083333,0.00030295371,1.5083333,0.00030723658,1.5083333,0.00031157869,1.5083333,0.00031570789
1.5666667,3.7067626e-06,1.5666667,1.8238825e-05,1.5666667,3.5738686e-05,1.5666667,6.8513928e-05,1.5666667,9.8320774e-05,1.5666667,0.00012517488,1.5666667,0.00014912456,1.5666667,0.00017026724,1.5666667,0.00018877241,1.5666667,0.00020490829,1.5666667,0.00021906727,1.5666667,0.00023173541,1.5666667,0.00024332404,1.5666667,0.00025407023,1.5666667,0.00026409923,1.5666667,0.0002734851,1.5666667,0.00028226957,1.5666667,0.0002904665,1.5666667,0.00029816439,1.5666667,0.00030521075,1.5666667,0.00031188296,1.5666667,0.00031819629,1.5666667,0.00032391717,1.5666667,0.00032930234,1.5666667,0.00033452944,1.5666667,0.00033908208,1.5666667,0.00034383644
1.625,3.8773705e-06,1.625,1.9096849e-05,1.625,3.7467268e-05,1.625,7.202124e-05,1.625,0.00010365384,1.625,0.00013237442,1.625,0.00015821678,1.625,0.00018125272,1.625,0.00020160859,1.625,0.00021948698,1.625,0.00023519168,1.625,0.00024914101,1.625,0.00026179093,1.625,0.00027346909,1.625,0.00028435607,1.625,0.00029455235,1.625,0.00030412711,1.625,0.00031311151,1.625,0.00032151829,1.625,0.00032943173,1.625,0.00033672028,1.625,0.00034357132,1.625,0.00035013119,1.625,0.00035616435,1.625,0.00036175869,1.625,0.00036729605,1.625,0.00037214901
1.6833333,4.0451109e-06,1.6833333,1.9940336e-05,1.6833333,3.9166053e-05,1.6833333,7.5465792e-05,1.6833333,0.00010888955,1.6833333,0.000139441,1.6833333,0.00016714433,1.6833333,0.0001920524,1.6833333,0.00021426044,1.6833333,0.00023392244,1.6833333,0.00025127163,1.6833333,0.00026664255,1.6833333,0.00028046487,1.6833333,0.00029313888,1.6833333,0.00030491935,1.6833333,0.00031594857,1.6833333,0.0003263068,1.6833333,0.00033606454,1.6833333,0.0003452346,1.6833333,0.00035384821,1.6833333,0.00036196782,1.6833333,0.00036948998,1.6833333,0.00037652942,1.6833333,0.00038324782,1.6833333,0.00038964074,1.6833333,0.00039543826,1.6833333,0.00040122505
1.7416667,4.2100865e-06,1.7416667,2.076981e-05,1.7416667,4.0836438e-05,1.7416667,7.8851246e-05,1.7416667,0.00011403344,1.7416667,0.00014638273,1.7416667,0.00017591538,1.7416667,0.00020267087,1.7416667,0.00022672126,1.7416667,0.00024818444,1.7416667,0.00026724044,1.7416667,0.00028415059,1.7416667,0.00029927607,1.7416667,0.00031303561,1.7416667,0.00032576226,1.7416667,0.00033765455,1.7416667,0.00034882425,1.7416667,0.00035933806,1.7416667,0.00036927305,1.7416667,0.00037862748,1.7416667,0.00038743949,1.7416667,0.00039574376,1.7416667,0.00040349434,1.7416667,0.00041073836,1.7416667,0.00041757595,1.7416667,0.00042432523,1.7416667,0.00043033044
1.8,4.3724976e-06,1.8,2.1586088e-05,1.8,4.2479758e-05,1.8,8.2180839e-05,1.8,0.00011909024,1.8,0.00015320562,1.8,0.00018453695,1.8,0.00021311343,1.8,0.00023899007,1.8,0.00026225756,1.8,0.00028305537,1.8,0.00030158784,1.8,0.00031814352,1.8,0.00033310111,1.8,0.00034684629,1.8,0.00035964485,1.8,0.00037165395,1.8,0.00038295772,1.8,0.0003936243,1.8,0.00040373303,1.8,0.00041326631,1.8,0.0004222585,1.8,0.00043076088,1.8,0.00043871022,1.8,0.00044616345,1.8,0.00045313786,1.8,0.00046012962
1.8583333,4.5325474e-06,1.8583333,2.2390291e-05,1.8583333,4.409803e-05,1.8583333,8.5457888e-05,1.8583333,0.00012406565,1.8583333,0.00015991621,1.8583333,0.00019301597,1.8583333,0.00022338597,1.8583333,0.00025106838,1.8583333,0.00027613363,1.8583333,0.00029869026,1.8583333,0.00031889834,1.8583333,0.00033698557,1.8583333,0.00035326591,1.8583333,0.00036812131,1.8583333,0.00038188517,1.8583333,0.00039476983,1.8583333,0.00040689151,1.8583333,0.00041833186,1.8583333,0.00042914913,1.8583333,0.00043942287,1.8583333,0.00044913134,1.8583333,0.00045827781,1.8583333,0.00046694916,1.8583333,0.00047509212,1.8583333,0.00048277832,1.8583333,0.00048992219
1.9166667,4.6903289e-06,1.9166667,2.3183016e-05,1.9166667,4.5692944e-05,1.9166667,8.8685531e-05,1.9166667,0.0001289646,1.9166667,0.00016652203,1.9166667,0.00020136086,1.9166667,0.00023349649,1.9166667,0.00026296133,1.9166667,0.00028981044,1.9166667,0.00031412935,1.9166667,0.00033604409,1.9166667,0.00035573429,1.9166667,0.00037345121,1.9166667,0.00038953013,1.9166667,0.00040433647,1.9166667,0.00041814232,1.9166667,0.00043111727,1.9166667,0.00044334791,1.9166667,0.00045492648,1.9166667,0.00046588771,1.9166667,0.00047631929,1.9166667,0.00048617767,1.9166667,0.00049547948,1.9166667,0.00050432634,1.9166667,0.00051265325,1.9166667,0.00052056309
1.975,4.8458351e-06,1.975,2.3964352e-05,1.975,4.7265031e-05,1.975,9.1866187e-05,1.975,0.00013379012,1.975,0.00017302821,1.975,0.00020957908,1.975,0.00024345364,1.975,0.00027467663,1.975,0.00030329154,1.975,0.00032936642,1.975,0.00035300154,1.975,0.00037433995,1.975,0.00039358121,1.975,0.00041100058,1.975,0.00042694473,1.975,0.00044173933,1.975,0.00045560299,1.975,0.00046866532,1.975,0.00048100928,1.975,0.00049272961,1.975,0.00050381347,1.975,0.00051439648,1.975,0.0005243903,1.975,0.00053384856,1.975,0.00054286048,1.975,0.00055137414
2.0333333,4.9992151e-06,2.0333333,2.4734761e-05,2.0333333,4.8814859e-05,2.0333333,9.500167e-05,2.0333333,0.00013854529,2.0333333,0.00017943764,2.0333333,0.00021767506,2.0333333,0.0002532634,2.0333333,0.0002862212,2.0333333,0.00031658257,2.0333333,0.00034440192,2.0333333,0.0003697598,2.0333333,0.00039277122,2.0333333,0.00041359627,2.0333333,0.00043245629,2.0333333,0.00044964781,2.0333333,0.00046551085,2.0333333,0.00048032076,2.0333333,0.00049424367,2.0333333,0.0005074004,2.0333333,0.00051986295,2.0333333,0.0005317024,2.0333333,0.00054291188,2.0333333,0.00055362658,2.0333333,0.00056375555,2.0333333,0.00057337586,2.0333333,0.00058255062
2.0916667,5.1506768e-06,2.0916667,2.5495242e-05,2.0916667,5.0344001e-05,2.0916667,9.8094073e-05,2.0916667,0.00014323431,2.0916667,0.00018575501,2.0916667,0.00022565285,2.0916667,0.00026293001,2.0916667,0.00029759951,2.0916667,0.00032968758,2.0916667,0.00035923757,2.0916667,0.00038631436,2.0916667,0.00041101104,2.0916667,0.00043345712,2.0916667,0.00045383123,2.0916667,0.00047237552,2.0916667,0.00048940206,2.0916667,0.00050522427,2.0916667,0.0005200603,2.0916667,0.00053405206,2.0916667,0.00054731257,2.0916667,0.00055988348,2.0916667,0.00057183037,2.0916667,0.000583153,2.0916667,0.00059400299,2.0916667,0.00060426572,2.0916667,0.00061404583
2.15,5.3003093e-06,2.15,2.6246507e-05,2.15,5.1854174e-05,2.15,0.00010114593,2.15,0.00014786101,2.15,0.000191987,2.15,0.00023351949,2.15,0.00027245988,2.15,0.00030881684,2.15,0.00034261043,2.15,0.00037387492,2.15,0.00040266251,2.15,0.00042904859,2.15,0.00045313847,2.15,0.00047507715,2.15,0.00049506124,2.15,0.00051335452,2.15,0.00053026817,2.15,0.00054607521,2.15,0.00056094713,2.15,0.00057501871,2.15,0.00058838284,2.15,0.00060103463,2.15,0.00061309032,2.15,0.00062453343,2.15,0.00063549664,2.15,0.00064590595
2.2083333,5.448054e-06,2.2083333,2.6988489e-05,2.2083333,5.3345901e-05,2.2083333,0.00010415937,2.2083333,0.00015242757,2.2083333,0.00019813799,2.2083333,0.00024128256,2.2083333,0.00028186165,2.2083333,0.00031988161,2.2083333,0.00035535791,2.2083333,0.00038831776,2.2083333,0.00041880355,2.2083333,0.0004468765,2.2083333,0.00047262255,2.2083333,0.00049615968,2.2083333,0.00051764778,2.2083333,0.00053730241,2.2083333,0.00055540276,2.2083333,0.00057224423,2.2083333,0.00058805122,2.2083333,0.0006029739,2.2083333,0.00061713395,2.2083333,0.00063056473,2.2083333,0.00064330939,2.2083333,0.00065546364,2.2083333,0.00066701836,2.2083333,0.00067810498
2.2666667,5.5939547e-06,2.2666667,2.7721073e-05,2.2666667,5.481888e-05,2.2666667,0.00010713544,2.2666667,0.00015693553,2.2666667,0.00020420894,2.2666667,0.00024894549,2.2666667,0.00029114179,2.2666667,0.00033080232,2.2666667,0.00036793895,2.2666667,0.00040257374,2.2666667,0.00043474143,2.2666667,0.00046449236,2.2666667,0.00049189726,2.2666667,0.00051705333,2.2666667,0.00054009026,2.2666667,0.00056118365,2.2666667,0.00058056662,2.2666667,0.00059852543,2.2666667,0.00061532184,2.2666667,0.00063114755,2.2666667,0.00064613496,2.2666667,0.00066035237,2.2666667,0.00067384975,2.2666667,0.00068668165,2.2666667,0.00069893987,2.2666667,0.00071060822
2.325,5.7381333e-06,2.325,2.8444765e-05,2.325,5.6273624e-05,2.325,0.00011007478,2.325,0.00016138728,2.325,0.00021020134,2.325,0.00025650864,2.325,0.0003003023,2.325,0.00034158332,2.325,0.00038036021,2.325,0.00041665057,2.325,0.00045048288,2.325,0.00048189938,2.325,0.00051095882,2.325,0.00053774205,2.325,0.0005623565,2.325,0.00058494431,2.325,0.00060569688,2.325,0.00062486178,2.325,0.00064271973,2.325,0.00065949767,2.325,0.00067535811,2.325,0.00069039943,2.325,0.00070465876,2.325,0.00071822692,2.325,0.0007311529,2.325,0.00074350939
2.3833333,5.8808225e-06,2.3833333,2.916067e-05,2.3833333,5.7711856e-05,2.3833333,0.00011297912,2.3833333,0.00016578595,2.3833333,0.00021612003,2.3833333,0.000263975,2.3833333,0.00030934462,2.3833333,0.00035222612,2.3833333,0.00039262448,2.3833333,0.00043055265,2.3833333,0.0004660336,2.3833333,0.00049910235,2.3833333,0.00052980873,2.3833333,0.00055822019,2.3833333,0.0005844271,2.3833333,0.00060854651,2.3833333,0.00063073439,2.3833333,0.00065119636,2.3833333,0.00067019253,2.3833333,0.00068798297,2.3833333,0.00070476594,2.3833333,0.00072066058,2.3833333,0.00073572761,2.3833333,0.00075004871,2.3833333,0.0007636802,2.3833333,0.00077670643
2.4416667,6.0220997e-06,2.4416667,2.9869471e-05,2.4416667,5.9135409e-05,2.4416667,0.00011585121,2.4416667,0.00017013458,2.4416667,0.00022197096,2.4416667,0.0002713522,2.4416667,0.00031827459,2.4416667,0.00036273469,2.4416667,0.00040473426,2.4416667,0.00044428216,2.4416667,0.00048139608,2.4416667,0.00051610437,2.4416667,0.00054844887,2.4416667,0.00057848625,2.4416667,0.00060629265,2.4416667,0.00063196672,2.4416667,0.0006556366,2.4416667,0.00067747015,2.4416667,0.00069769182,2.4416667,0.00071656285,2.4416667,0.00073431705,2.4416667,0.00075111331,2.4416667,0.00076701026,2.4416667,0.00078211904,2.4416667,0.00079650322,2.4416667,0.00081020751
2.5,6.1618683e-06,2.5,3.0570918e-05,2.5,6.0544514e-05,2.5,0.00011869317,2.5,0.00017443519,2.5,0.00022775738,2.5,0.00027864763,2.5,0.00032710159,2.5,0.00037311771,2.5,0.00041669636,2.5,0.00045784375,2.5,0.00049657294,2.5,0.00053290673,2.5,0.00056687911,2.5,0.00059853824,2.5,0.0006279476,2.5,0.0006551905,2.5,0.00068037399,2.5,0.00070363644,2.5,0.00072516256,2.5,0.00074519278,2.5,0.00076397768,2.5,0.00078171482,2.5,0.00079849579,2.5,0.00081440827,2.5,0.000829562,2.5,0.00084401451

