drain TotalCurrent(IdVgbg_n22_des) X,drain TotalCurrent(IdVgbg_n22_des) Y,drain TotalCurrent(IdVgbg_n25_des) X,drain TotalCurrent(IdVgbg_n25_des) Y,drain TotalCurrent(IdVgbg_n28_des) X,drain TotalCurrent(IdVgbg_n28_des) Y,drain TotalCurrent(IdVgbg_n31_des) X,drain TotalCurrent(IdVgbg_n31_des) Y,drain TotalCurrent(IdVgbg_n34_des) X,drain TotalCurrent(IdVgbg_n34_des) Y,drain TotalCurrent(IdVgbg_n37_des) X,drain TotalCurrent(IdVgbg_n37_des) Y,drain TotalCurrent(IdVgbg_n40_des) X,drain TotalCurrent(IdVgbg_n40_des) Y,drain TotalCurrent(IdVgbg_n43_des) X,drain TotalCurrent(IdVgbg_n43_des) Y,drain TotalCurrent(IdVgbg_n46_des) X,drain TotalCurrent(IdVgbg_n46_des) Y,drain TotalCurrent(IdVgbg_n49_des) X,drain TotalCurrent(IdVgbg_n49_des) Y,drain TotalCurrent(IdVgbg_n52_des) X,drain TotalCurrent(IdVgbg_n52_des) Y,drain TotalCurrent(IdVgbg_n55_des) X,drain TotalCurrent(IdVgbg_n55_des) Y,drain TotalCurrent(IdVgbg_n58_des) X,drain TotalCurrent(IdVgbg_n58_des) Y,drain TotalCurrent(IdVgbg_n61_des) X,drain TotalCurrent(IdVgbg_n61_des) Y,drain TotalCurrent(IdVgbg_n64_des) X,drain TotalCurrent(IdVgbg_n64_des) Y,drain TotalCurrent(IdVgbg_n67_des) X,drain TotalCurrent(IdVgbg_n67_des) Y,drain TotalCurrent(IdVgbg_n70_des) X,drain TotalCurrent(IdVgbg_n70_des) Y,drain TotalCurrent(IdVgbg_n73_des) X,drain TotalCurrent(IdVgbg_n73_des) Y,drain TotalCurrent(IdVgbg_n76_des) X,drain TotalCurrent(IdVgbg_n76_des) Y,drain TotalCurrent(IdVgbg_n79_des) X,drain TotalCurrent(IdVgbg_n79_des) Y,drain TotalCurrent(IdVgbg_n82_des) X,drain TotalCurrent(IdVgbg_n82_des) Y,drain TotalCurrent(IdVgbg_n85_des) X,drain TotalCurrent(IdVgbg_n85_des) Y,drain TotalCurrent(IdVgbg_n88_des) X,drain TotalCurrent(IdVgbg_n88_des) Y,drain TotalCurrent(IdVgbg_n91_des) X,drain TotalCurrent(IdVgbg_n91_des) Y,drain TotalCurrent(IdVgbg_n94_des) X,drain TotalCurrent(IdVgbg_n94_des) Y,drain TotalCurrent(IdVgbg_n97_des) X,drain TotalCurrent(IdVgbg_n97_des) Y,drain TotalCurrent(IdVgbg_n100_des) X,drain TotalCurrent(IdVgbg_n100_des) Y
-1,3.7257138e-17,-1,9.3521208e-17,-1,1.1509033e-16,-1,1.2756551e-16,-1,1.3301389e-16,-1,1.3686127e-16,-1,1.3991462e-16,-1,1.4247412e-16,-1,1.4469239e-16,-1,1.4665892e-16,-1,1.4843117e-16,-1,1.5004839e-16,-1,1.5153869e-16,-1,1.5292295e-16,-1,1.5421716e-16,-1,1.5543385e-16,-1,1.5658337e-16,-1,1.5767811e-16,-1,1.5877392e-16,-1,1.6046119e-16,-1,1.6986599e-16,-1,2.7563084e-16,-1,1.5986059e-15,-1,1.8084215e-14,-1,2.0615839e-13,-1,1.9700951e-12,-1,1.4414171e-11
-0.94166667,8.1920185e-17,-0.94166667,2.0980248e-16,-0.94166667,2.5130874e-16,-0.94166667,2.80217e-16,-0.94166667,2.9239966e-16,-0.94166667,3.008004e-16,-0.94166667,3.0740321e-16,-0.94166667,3.1290715e-16,-0.94166667,3.1765894e-16,-0.94166667,3.2185929e-16,-0.94166667,3.2563593e-16,-0.94166667,3.290756e-16,-0.94166667,3.3224017e-16,-0.94166667,3.3517541e-16,-0.94166667,3.3791622e-16,-0.94166667,3.4048987e-16,-0.94166667,3.4291822e-16,-0.94166667,3.4522012e-16,-0.94166667,3.4742429e-16,-0.94166667,3.4971103e-16,-0.94166667,3.5412969e-16,-0.94166667,3.859712e-16,-0.94166667,7.6481893e-16,-0.94166667,5.5401844e-15,-0.94166667,6.3035622e-14,-0.94166667,6.5953648e-13,-0.94166667,5.4950155e-12
-0.88333333,1.774301e-16,-0.88333333,4.8860327e-16,-0.88333333,5.5870875e-16,-0.88333333,6.2162085e-16,-0.88333333,6.4927106e-16,-0.88333333,6.6778929e-16,-0.88333333,6.8218758e-16,-0.88333333,6.9411767e-16,-0.88333333,7.0437568e-16,-0.88333333,7.1341583e-16,-0.88333333,7.2152456e-16,-0.88333333,7.288952e-16,-0.88333333,7.3566493e-16,-0.88333333,7.4193491e-16,-0.88333333,7.4778201e-16,-0.88333333,7.5326615e-16,-0.88333333,7.5843503e-16,-0.88333333,7.6332757e-16,-0.88333333,7.679796e-16,-0.88333333,7.7246598e-16,-0.88333333,7.7739406e-16,-0.88333333,7.9000764e-16,-0.88333333,9.0140938e-16,-0.88333333,2.2746336e-15,-0.88333333,1.9366138e-14,-0.88333333,2.1165047e-13,-0.88333333,1.9748629e-12
-0.825,3.9244353e-16,-0.825,1.1257225e-15,-0.825,1.2695946e-15,-0.825,1.4040044e-15,-0.825,1.4688911e-15,-0.825,1.5108129e-15,-0.825,1.5430216e-15,-0.825,1.5695447e-15,-0.825,1.5922587e-15,-0.825,1.6122171e-15,-0.825,1.6300781e-15,-0.825,1.6462829e-15,-0.825,1.6611432e-15,-0.825,1.6748879e-15,-0.825,1.6876904e-15,-0.825,1.6996855e-15,-0.825,1.7109802e-15,-0.825,1.7216612e-15,-0.825,1.7318005e-15,-0.825,1.7414711e-15,-0.825,1.7508908e-15,-0.825,1.7621707e-15,-0.825,1.8013389e-15,-0.825,2.2007664e-15,-0.825,7.1904797e-15,-0.825,6.6713437e-14,-0.825,6.7149906e-13
-0.76666667,8.8927268e-16,-0.76666667,2.5478818e-15,-0.76666667,2.9701182e-15,-0.76666667,3.2298542e-15,-0.76666667,3.3839982e-15,-0.76666667,3.4813324e-15,-0.76666667,3.5551076e-15,-0.76666667,3.6154679e-15,-0.76666667,3.6669486e-15,-0.76666667,3.7120518e-15,-0.76666667,3.7523246e-15,-0.76666667,3.788797e-15,-0.76666667,3.822193e-15,-0.76666667,3.8530421e-15,-0.76666667,3.8817444e-15,-0.76666667,3.9086101e-15,-0.76666667,3.9338847e-15,-0.76666667,3.9577666e-15,-0.76666667,3.9804183e-15,-0.76666667,4.0019785e-15,-0.76666667,4.0226088e-15,-0.76666667,4.0429989e-15,-0.76666667,4.0706615e-15,-0.76666667,4.2005145e-15,-0.76666667,5.6537626e-15,-0.76666667,2.3547721e-14,-0.76666667,2.213917e-13
-0.70833333,2.0239158e-15,-0.70833333,5.8126068e-15,-0.70833333,7.0786957e-15,-0.70833333,7.4741102e-15,-0.70833333,7.8376101e-15,-0.70833333,8.0634413e-15,-0.70833333,8.2318107e-15,-0.70833333,8.3685449e-15,-0.70833333,8.4846267e-15,-0.70833333,8.5859927e-15,-0.70833333,8.6762719e-15,-0.70833333,8.7578633e-15,-0.70833333,8.8324434e-15,-0.70833333,8.9012337e-15,-0.70833333,8.9651539e-15,-0.70833333,9.0249152e-15,-0.70833333,9.0810792e-15,-0.70833333,9.1340983e-15,-0.70833333,9.1843422e-15,-0.70833333,9.2321186e-15,-0.70833333,9.2776984e-15,-0.70833333,9.3214701e-15,-0.70833333,9.3657487e-15,-0.70833333,9.437783e-15,-0.70833333,9.8877894e-15,-0.70833333,1.5180174e-14,-0.70833333,7.7286761e-14
-0.65,4.6071562e-15,-0.65,1.3406465e-14,-0.65,1.6348814e-14,-0.65,1.7400392e-14,-0.65,1.8245532e-14,-0.65,1.8767966e-14,-0.65,1.9150398e-14,-0.65,1.9458331e-14,-0.65,1.97184e-14,-0.65,1.9944661e-14,-0.65,2.01456e-14,-0.65,2.0326782e-14,-0.65,2.0492073e-14,-0.65,2.0644278e-14,-0.65,2.07855e-14,-0.65,2.091736e-14,-0.65,2.1041139e-14,-0.65,2.1157861e-14,-0.65,2.1268365e-14,-0.65,2.1373344e-14,-0.65,2.1473383e-14,-0.65,2.1569022e-14,-0.65,2.1661291e-14,-0.65,2.1758303e-14,-0.65,2.1960479e-14,-0.65,2.3565471e-14,-0.65,4.2514086e-14
-0.59166667,1.0570942e-14,-0.59166667,3.1078337e-14,-0.59166667,3.8121796e-14,-0.59166667,4.0988899e-14,-0.59166667,4.2941256e-14,-0.59166667,4.4158003e-14,-0.59166667,4.503252e-14,-0.59166667,4.5729914e-14,-0.59166667,4.6315604e-14,-0.59166667,4.6823147e-14,-0.59166667,4.7272525e-14,-0.59166667,4.7676728e-14,-0.59166667,4.8044725e-14,-0.59166667,4.8382991e-14,-0.59166667,4.8696367e-14,-0.59166667,4.898857e-14,-0.59166667,4.9262525e-14,-0.59166667,4.9520574e-14,-0.59166667,4.9764625e-14,-0.59166667,4.9996255e-14,-0.59166667,5.0216782e-14,-0.59166667,5.0427333e-14,-0.59166667,5.0629034e-14,-0.59166667,5.0824925e-14,-0.59166667,5.1044343e-14,-0.59166667,5.1661497e-14,-0.59166667,5.743588e-14
-0.53333333,2.4658942e-14,-0.53333333,7.2938192e-14,-0.53333333,9.0632823e-14,-0.53333333,9.8070416e-14,-0.53333333,1.0253596e-13,-0.53333333,1.0540762e-13,-0.53333333,1.0743438e-13,-0.53333333,1.0903353e-13,-0.53333333,1.1036848e-13,-0.53333333,1.1152053e-13,-0.53333333,1.1253736e-13,-0.53333333,1.1344967e-13,-0.53333333,1.1427852e-13,-0.53333333,1.1503905e-13,-0.53333333,1.1574252e-13,-0.53333333,1.1639755e-13,-0.53333333,1.1701091e-13,-0.53333333,1.1758801e-13,-0.53333333,1.1813325e-13,-0.53333333,1.1865024e-13,-0.53333333,1.1914201e-13,-0.53333333,1.1961113e-13,-0.53333333,1.2005981e-13,-0.53333333,1.2049055e-13,-0.53333333,1.2091319e-13,-0.53333333,1.2143628e-13,-0.53333333,1.2345561e-13
-0.475,5.7885633e-14,-0.475,1.7278474e-13,-0.475,2.1587456e-13,-0.475,2.3757756e-13,-0.475,2.4638366e-13,-0.475,2.5313248e-13,-0.475,2.5780994e-13,-0.475,2.6145683e-13,-0.475,2.6448076e-13,-0.475,2.6707855e-13,-0.475,2.6936358e-13,-0.475,2.7140812e-13,-0.475,2.732614e-13,-0.475,2.749586e-13,-0.475,2.7652579e-13,-0.475,2.7798287e-13,-0.475,2.7934542e-13,-0.475,2.8062585e-13,-0.475,2.8183421e-13,-0.475,2.8297879e-13,-0.475,2.840665e-13,-0.475,2.8510314e-13,-0.475,2.8609369e-13,-0.475,2.8704257e-13,-0.475,2.8795581e-13,-0.475,2.8886732e-13,-0.475,2.9018384e-13
-0.41666667,1.3513907e-13,-0.41666667,4.1027355e-13,-0.41666667,5.1501177e-13,-0.41666667,5.7715443e-13,-0.41666667,5.9169977e-13,-0.41666667,6.0721995e-13,-0.41666667,6.1781612e-13,-0.41666667,6.2596374e-13,-0.41666667,6.3266817e-13,-0.41666667,6.383985e-13,-0.41666667,6.4341966e-13,-0.41666667,6.4789864e-13,-0.41666667,6.519483e-13,-0.41666667,6.5564882e-13,-0.41666667,6.5905938e-13,-0.41666667,6.6222499e-13,-0.41666667,6.6518073e-13,-0.41666667,6.6795448e-13,-0.41666667,6.7056882e-13,-0.41666667,6.730423e-13,-0.41666667,6.7539032e-13,-0.41666667,6.7762586e-13,-0.41666667,6.7975994e-13,-0.41666667,6.8180206e-13,-0.41666667,6.8376104e-13,-0.41666667,6.856528e-13,-0.41666667,6.8759988e-13
-0.35833333,3.1348613e-13,-0.35833333,9.6906049e-13,-0.35833333,1.2285669e-12,-0.35833333,1.3823694e-12,-0.35833333,1.4172061e-12,-0.35833333,1.4516369e-12,-0.35833333,1.4750534e-12,-0.35833333,1.4927961e-12,-0.35833333,1.5072704e-12,-0.35833333,1.519572e-12,-0.35833333,1.5303059e-12,-0.35833333,1.5398487e-12,-0.35833333,1.5484528e-12,-0.35833333,1.5562965e-12,-0.35833333,1.5635106e-12,-0.35833333,1.5701942e-12,-0.35833333,1.5764244e-12,-0.35833333,1.5822622e-12,-0.35833333,1.587757e-12,-0.35833333,1.592949e-12,-0.35833333,1.597872e-12,-0.35833333,1.6025539e-12,-0.35833333,1.6070188e-12,-0.35833333,1.611287e-12,-0.35833333,1.6153763e-12,-0.35833333,1.6193047e-12,-0.35833333,1.623119e-12
-0.3,7.3235945e-13,-0.3,2.2992752e-12,-0.3,2.9544788e-12,-0.3,3.3226182e-12,-0.3,3.4252562e-12,-0.3,3.5005502e-12,-0.3,3.5523015e-12,-0.3,3.5908953e-12,-0.3,3.6220875e-12,-0.3,3.6484406e-12,-0.3,3.6713359e-12,-0.3,3.6916212e-12,-0.3,3.7098597e-12,-0.3,3.7264465e-12,-0.3,3.7416703e-12,-0.3,3.7557489e-12,-0.3,3.7688508e-12,-0.3,3.7811094e-12,-0.3,3.7926319e-12,-0.3,3.8035062e-12,-0.3,3.8138049e-12,-0.3,3.8235889e-12,-0.3,3.8329098e-12,-0.3,3.8418117e-12,-0.3,3.8503327e-12,-0.3,3.8585064e-12,-0.3,3.8663713e-12
-0.24166667,1.7320202e-12,-0.24166667,5.4957962e-12,-0.24166667,7.1347824e-12,-0.24166667,8.058624e-12,-0.24166667,8.3438062e-12,-0.24166667,8.497451e-12,-0.24166667,8.6108777e-12,-0.24166667,8.6943664e-12,-0.24166667,8.761157e-12,-0.24166667,8.8172323e-12,-0.24166667,8.8657319e-12,-0.24166667,8.908553e-12,-0.24166667,8.9469439e-12,-0.24166667,8.9817742e-12,-0.24166667,9.013676e-12,-0.24166667,9.0431241e-12,-0.24166667,9.0704848e-12,-0.24166667,9.0960467e-12,-0.24166667,9.1200417e-12,-0.24166667,9.142659e-12,-0.24166667,9.1640548e-12,-0.24166667,9.18436e-12,-0.24166667,9.2036851e-12,-0.24166667,9.2221244e-12,-0.24166667,9.2397593e-12,-0.24166667,9.2566601e-12,-0.24166667,9.2728911e-12
-0.18333333,4.0890136e-12,-0.18333333,1.3178615e-11,-0.18333333,1.7215594e-11,-0.18333333,1.9554665e-11,-0.18333333,2.0320571e-11,-0.18333333,2.0576928e-11,-0.18333333,2.0819516e-11,-0.18333333,2.0995774e-11,-0.18333333,2.1135254e-11,-0.18333333,2.125157e-11,-0.18333333,2.1351699e-11,-0.18333333,2.1439785e-11,-0.18333333,2.1518525e-11,-0.18333333,2.1589787e-11,-0.18333333,2.165492e-11,-0.18333333,2.1714931e-11,-0.18333333,2.1770596e-11,-0.18333333,2.1822525e-11,-0.18333333,2.1871205e-11,-0.18333333,2.1917033e-11,-0.18333333,2.1960337e-11,-0.18333333,2.200139e-11,-0.18333333,2.2040424e-11,-0.18333333,2.2077634e-11,-0.18333333,2.2113189e-11,-0.18333333,2.2147237e-11,-0.18333333,2.2179905e-11
-0.125,9.6029233e-12,-0.125,3.1429244e-11,-0.125,4.1421486e-11,-0.125,4.7125912e-11,-0.125,4.8899208e-11,-0.125,4.9475561e-11,-0.125,4.9974195e-11,-0.125,5.0333933e-11,-0.125,5.0615343e-11,-0.125,5.0848322e-11,-0.125,5.1047889e-11,-0.125,5.1222798e-11,-0.125,5.1378682e-11,-0.125,5.1519409e-11,-0.125,5.1647755e-11,-0.125,5.176579e-11,-0.125,5.1875097e-11,-0.125,5.1976915e-11,-0.125,5.2072236e-11,-0.125,5.2161862e-11,-0.125,5.2246457e-11,-0.125,5.2326571e-11,-0.125,5.240267e-11,-0.125,5.2475149e-11,-0.125,5.2544346e-11,-0.125,5.2610555e-11,-0.125,5.2674032e-11
-0.066666667,2.2445483e-11,-0.066666667,7.452967e-11,-0.066666667,9.9147982e-11,-0.066666667,1.1294647e-10,-0.066666667,1.1692289e-10,-0.066666667,1.1826211e-10,-0.066666667,1.1922277e-10,-0.066666667,1.1993356e-10,-0.066666667,1.2048338e-10,-0.066666667,1.2093508e-10,-0.066666667,1.2132004e-10,-0.066666667,1.2165615e-10,-0.066666667,1.2195481e-10,-0.066666667,1.2222376e-10,-0.066666667,1.2246854e-10,-0.066666667,1.2269324e-10,-0.066666667,1.22901e-10,-0.066666667,1.2309424e-10,-0.066666667,1.2327492e-10,-0.066666667,1.234446e-10,-0.066666667,1.2360459e-10,-0.066666667,1.2375595e-10,-0.066666667,1.2389959e-10,-0.066666667,1.2403629e-10,-0.066666667,1.2416669e-10,-0.066666667,1.2429136e-10,-0.066666667,1.244108e-10
-0.0083333333,5.3595799e-11,-0.0083333333,1.7937604e-10,-0.0083333333,2.4123371e-10,-0.0083333333,2.7614702e-10,-0.0083333333,2.8516143e-10,-0.0083333333,2.8857052e-10,-0.0083333333,2.9031591e-10,-0.0083333333,2.9175089e-10,-0.0083333333,2.9284856e-10,-0.0083333333,2.9374337e-10,-0.0083333333,2.9450207e-10,-0.0083333333,2.9516209e-10,-0.0083333333,2.9574689e-10,-0.0083333333,2.9627231e-10,-0.0083333333,2.9674957e-10,-0.0083333333,2.9718696e-10,-0.0083333333,2.9759077e-10,-0.0083333333,2.9796589e-10,-0.0083333333,2.9831622e-10,-0.0083333333,2.986449e-10,-0.0083333333,2.9895449e-10,-0.0083333333,2.9924715e-10,-0.0083333333,2.9952466e-10,-0.0083333333,2.9978854e-10,-0.0083333333,3.000401e-10,-0.0083333333,3.0028046e-10,-0.0083333333,3.0051059e-10
0.05,1.3091898e-10,0.05,4.4019189e-10,0.05,5.9481944e-10,0.05,6.854784e-10,0.05,7.0661119e-10,0.05,7.1509974e-10,0.05,7.1832608e-10,0.05,7.212543e-10,0.05,7.2347438e-10,0.05,7.2526927e-10,0.05,7.2678324e-10,0.05,7.280955e-10,0.05,7.29255e-10,0.05,7.3029443e-10,0.05,7.3123687e-10,0.05,7.3209923e-10,0.05,7.3289431e-10,0.05,7.3363204e-10,0.05,7.3432027e-10,0.05,7.3496536e-10,0.05,7.3557248e-10,0.05,7.3614592e-10,0.05,7.366893e-10,0.05,7.3720565e-10,0.05,7.3769759e-10,0.05,7.3816736e-10,0.05,7.386169e-10
0.10833333,3.2123164e-10,0.10833333,1.0892098e-09,0.10833333,1.4758286e-09,0.10833333,1.7045618e-09,0.10833333,1.7561039e-09,0.10833333,1.7745728e-09,0.10833333,1.7819655e-09,0.10833333,1.7877571e-09,0.10833333,1.7921862e-09,0.10833333,1.7957376e-09,0.10833333,1.7987169e-09,0.10833333,1.8012897e-09,0.10833333,1.8035566e-09,0.10833333,1.8055844e-09,0.10833333,1.8074196e-09,0.10833333,1.8090964e-09,0.10833333,1.8106404e-09,0.10833333,1.8120714e-09,0.10833333,1.813405e-09,0.10833333,1.814654e-09,0.10833333,1.8158284e-09,0.10833333,1.816937e-09,0.10833333,1.8179867e-09,0.10833333,1.8189836e-09,0.10833333,1.8199328e-09,0.10833333,1.8208387e-09,0.10833333,1.8217053e-09
0.16666667,7.8514424e-10,0.16666667,2.6849606e-09,0.16666667,3.6543056e-09,0.16666667,4.2166028e-09,0.16666667,4.3420832e-09,0.16666667,4.3810666e-09,0.16666667,4.3986414e-09,0.16666667,4.4091557e-09,0.16666667,4.4177613e-09,0.16666667,4.4246035e-09,0.16666667,4.4303106e-09,0.16666667,4.4352201e-09,0.16666667,4.4395336e-09,0.16666667,4.4433837e-09,0.16666667,4.4468621e-09,0.16666667,4.4500355e-09,0.16666667,4.4529538e-09,0.16666667,4.4556557e-09,0.16666667,4.4581714e-09,0.16666667,4.4605252e-09,0.16666667,4.4627371e-09,0.16666667,4.4648233e-09,0.16666667,4.4667976e-09,0.16666667,4.4686715e-09,0.16666667,4.4704548e-09,0.16666667,4.472156e-09,0.16666667,4.4737825e-09
0.225,1.9075983e-09,0.225,6.5893709e-09,0.225,9.0241863e-09,0.225,1.04206e-08,0.225,1.0717559e-08,0.225,1.0803528e-08,0.225,1.0843106e-08,0.225,1.086106e-08,0.225,1.0877557e-08,0.225,1.0890573e-08,0.225,1.0901365e-08,0.225,1.0910608e-08,0.225,1.0918708e-08,0.225,1.092592e-08,0.225,1.0932426e-08,0.225,1.0938352e-08,0.225,1.0943795e-08,0.225,1.0948829e-08,0.225,1.0953512e-08,0.225,1.095789e-08,0.225,1.0962001e-08,0.225,1.0965876e-08,0.225,1.0969541e-08,0.225,1.0973018e-08,0.225,1.0976325e-08,0.225,1.0979478e-08,0.225,1.0982492e-08
0.28333333,4.6018076e-09,0.28333333,1.6130582e-08,0.28333333,2.2308729e-08,0.28333333,2.5905584e-08,0.28333333,2.6630391e-08,0.28333333,2.6829592e-08,0.28333333,2.6913029e-08,0.28333333,2.6951115e-08,0.28333333,2.6982617e-08,0.28333333,2.700792e-08,0.28333333,2.7028762e-08,0.28333333,2.7046539e-08,0.28333333,2.7062189e-08,0.28333333,2.7075859e-08,0.28333333,2.7088278e-08,0.28333333,2.7099574e-08,0.28333333,2.7109937e-08,0.28333333,2.7119512e-08,0.28333333,2.712841e-08,0.28333333,2.7136722e-08,0.28333333,2.7144522e-08,0.28333333,2.7151869e-08,0.28333333,2.7158814e-08,0.28333333,2.7165399e-08,0.28333333,2.717166e-08,0.28333333,2.7177627e-08,0.28333333,2.7183327e-08
0.34166667,1.0544786e-08,0.34166667,3.8056046e-08,0.34166667,5.3340339e-08,0.34166667,6.2507434e-08,0.34166667,6.432069e-08,0.34166667,6.4779089e-08,0.34166667,6.495217e-08,0.34166667,6.5041298e-08,0.34166667,6.5098416e-08,0.34166667,6.51472e-08,0.34166667,6.5187108e-08,0.34166667,6.5220999e-08,0.34166667,6.5250429e-08,0.34166667,6.5276593e-08,0.34166667,6.5300044e-08,0.34166667,6.5321353e-08,0.34166667,6.5340876e-08,0.34166667,6.5358891e-08,0.34166667,6.5375618e-08,0.34166667,6.539123e-08,0.34166667,6.5405867e-08,0.34166667,6.5419646e-08,0.34166667,6.5432662e-08,0.34166667,6.5444995e-08,0.34166667,6.5456716e-08,0.34166667,6.5467881e-08,0.34166667,6.5478542e-08
0.4,2.1666505e-08,0.4,8.2063105e-08,0.4,1.1817754e-07,0.4,1.4035867e-07,0.4,1.448876e-07,0.4,1.4595105e-07,0.4,1.4631596e-07,0.4,1.4651155e-07,0.4,1.4661257e-07,0.4,1.4670356e-07,0.4,1.467782e-07,0.4,1.4684203e-07,0.4,1.4689561e-07,0.4,1.4694413e-07,0.4,1.4698692e-07,0.4,1.4702603e-07,0.4,1.470618e-07,0.4,1.4709478e-07,0.4,1.4712534e-07,0.4,1.4715386e-07,0.4,1.4718056e-07,0.4,1.4720568e-07,0.4,1.4722939e-07,0.4,1.4725185e-07,0.4,1.4727317e-07,0.4,1.4729347e-07,0.4,1.4731284e-07
0.45833333,3.961052e-08,0.45833333,1.579138e-07,0.45833333,2.3801254e-07,0.45833333,2.9073678e-07,0.45833333,3.020178e-07,0.45833333,3.0466075e-07,0.45833333,3.0547877e-07,0.45833333,3.058831e-07,0.45833333,3.0609411e-07,0.45833333,3.0626516e-07,0.45833333,3.0640809e-07,0.45833333,3.0652844e-07,0.45833333,3.0663173e-07,0.45833333,3.067209e-07,0.45833333,3.068039e-07,0.45833333,3.0687711e-07,0.45833333,3.0694413e-07,0.45833333,3.0700581e-07,0.45833333,3.0706295e-07,0.45833333,3.0711616e-07,0.45833333,3.0716596e-07,0.45833333,3.0721275e-07,0.45833333,3.0725688e-07,0.45833333,3.0729864e-07,0.45833333,3.0733826e-07,0.45833333,3.0737596e-07,0.45833333,3.0741191e-07
0.51666667,6.8154851e-08,0.51666667,2.7995777e-07,0.51666667,4.4252196e-07,0.51666667,5.711701e-07,0.51666667,6.012855e-07,0.51666667,6.0882713e-07,0.51666667,6.1100325e-07,0.51666667,6.1194422e-07,0.51666667,6.1249641e-07,0.51666667,6.128382e-07,0.51666667,6.1314661e-07,0.51666667,6.1340588e-07,0.51666667,6.1363454e-07,0.51666667,6.1382231e-07,0.51666667,6.1400668e-07,0.51666667,6.1414884e-07,0.51666667,6.1429006e-07,0.51666667,6.1442e-07,0.51666667,6.1454022e-07,0.51666667,6.1465207e-07,0.51666667,6.1475664e-07,0.51666667,6.1485481e-07,0.51666667,6.1494732e-07,0.51666667,6.1503478e-07,0.51666667,6.1511773e-07,0.51666667,6.1519659e-07,0.51666667,6.1527175e-07
0.575,1.1701741e-07,0.575,4.8454851e-07,0.575,7.8503064e-07,0.575,1.0831083e-06,0.575,1.1758936e-06,0.575,1.2010658e-06,0.575,1.2084506e-06,0.575,1.211236e-06,0.575,1.2128576e-06,0.575,1.213751e-06,0.575,1.2145326e-06,0.575,1.2152069e-06,0.575,1.2157752e-06,0.575,1.2162593e-06,0.575,1.2166319e-06,0.575,1.2170978e-06,0.575,1.2174426e-06,0.575,1.2177671e-06,0.575,1.2180675e-06,0.575,1.2183467e-06,0.575,1.2186075e-06,0.575,1.2188521e-06,0.575,1.2190825e-06,0.575,1.2193002e-06,0.575,1.2195065e-06,0.575,1.2197025e-06,0.575,1.2198893e-06
0.63333333,1.9817195e-07,0.63333333,8.3072485e-07,0.63333333,1.3627251e-06,0.63333333,1.9583324e-06,0.63333333,2.2219204e-06,0.63333333,2.3178806e-06,0.63333333,2.3478885e-06,0.63333333,2.3583346e-06,0.63333333,2.3634397e-06,0.63333333,2.3666544e-06,0.63333333,2.3687594e-06,0.63333333,2.3706751e-06,0.63333333,2.3723369e-06,0.63333333,2.3737304e-06,0.63333333,2.3749015e-06,0.63333333,2.3761123e-06,0.63333333,2.3771903e-06,0.63333333,2.3780068e-06,0.63333333,2.3788443e-06,0.63333333,2.3796225e-06,0.63333333,2.3803489e-06,0.63333333,2.38103e-06,0.63333333,2.381671e-06,0.63333333,2.3822763e-06,0.63333333,2.3828497e-06,0.63333333,2.3833943e-06,0.63333333,2.3839128e-06
0.69166667,3.1727204e-07,0.69166667,1.3594825e-06,0.69166667,2.2747808e-06,0.69166667,3.3658246e-06,0.69166667,3.9437969e-06,0.69166667,4.2344448e-06,0.69166667,4.3571537e-06,0.69166667,4.4027969e-06,0.69166667,4.4217721e-06,0.69166667,4.4327075e-06,0.69166667,4.4396297e-06,0.69166667,4.4451716e-06,0.69166667,4.4499195e-06,0.69166667,4.4542919e-06,0.69166667,4.4580452e-06,0.69166667,4.4612907e-06,0.69166667,4.4640764e-06,0.69166667,4.4666747e-06,0.69166667,4.469044e-06,0.69166667,4.471247e-06,0.69166667,4.4733035e-06,0.69166667,4.4752309e-06,0.69166667,4.4770441e-06,0.69166667,4.4787557e-06,0.69166667,4.4803762e-06,0.69166667,4.4819147e-06,0.69166667,4.4833789e-06
0.75,4.6982305e-07,0.75,2.0637525e-06,0.75,3.5340479e-06,0.75,5.3976517e-06,0.75,6.4878685e-06,0.75,7.135893e-06,0.75,7.4923741e-06,0.75,7.6609307e-06,0.75,7.7351191e-06,0.75,7.771906e-06,0.75,7.7945156e-06,0.75,7.8101435e-06,0.75,7.8237343e-06,0.75,7.8353383e-06,0.75,7.8458417e-06,0.75,7.8560575e-06,0.75,7.8639124e-06,0.75,7.8706636e-06,0.75,7.8772564e-06,0.75,7.8830571e-06,0.75,7.8885456e-06,0.75,7.8937033e-06,0.75,7.8985548e-06,0.75,7.9031335e-06,0.75,7.9074678e-06,0.75,7.9115818e-06,0.75,7.9154964e-06
0.80833333,6.4265805e-07,0.80833333,2.8905543e-06,0.80833333,5.0653152e-06,0.80833333,7.9595103e-06,0.80833333,9.7726045e-06,0.80833333,1.0965035e-05,0.80833333,1.1722916e-05,0.80833333,1.2167518e-05,0.80833333,1.2398903e-05,0.80833333,1.2516472e-05,0.80833333,1.2584258e-05,0.80833333,1.2626236e-05,0.80833333,1.2659046e-05,0.80833333,1.2686942e-05,0.80833333,1.2712047e-05,0.80833333,1.2734657e-05,0.80833333,1.275952e-05,0.80833333,1.2776223e-05,0.80833333,1.2791774e-05,0.80833333,1.280647e-05,0.80833333,1.2819615e-05,0.80833333,1.2831926e-05,0.80833333,1.284351e-05,0.80833333,1.2854446e-05,0.80833333,1.28648e-05,0.80833333,1.287463e-05,0.80833333,1.2883985e-05
0.86666667,8.2270193e-07,0.86666667,3.7734101e-06,0.86666667,6.7553455e-06,0.86666667,1.0896085e-05,0.86666667,1.3576014e-05,0.86666667,1.5449379e-05,0.86666667,1.6754374e-05,0.86666667,1.7620472e-05,0.86666667,1.8152919e-05,0.86666667,1.845506e-05,0.86666667,1.8629583e-05,0.86666667,1.8735416e-05,0.86666667,1.8807381e-05,0.86666667,1.8867662e-05,0.86666667,1.8918672e-05,0.86666667,1.8963575e-05,0.86666667,1.9004251e-05,0.86666667,1.904383e-05,0.86666667,1.9077722e-05,0.86666667,1.9117714e-05,0.86666667,1.9144788e-05,0.86666667,1.9171555e-05,0.86666667,1.9195302e-05,0.86666667,1.9217736e-05,0.86666667,1.9238991e-05,0.86666667,1.9259184e-05,0.86666667,1.9278412e-05
0.925,1.0024931e-06,0.925,4.666705e-06,0.925,8.5056982e-06,0.925,1.4080727e-05,0.925,1.7747308e-05,0.925,2.0370039e-05,0.925,2.2300246e-05,0.925,2.3684213e-05,0.925,2.4628155e-05,0.925,2.5231686e-05,0.925,2.5601041e-05,0.925,2.5834065e-05,0.925,2.5978528e-05,0.925,2.6090172e-05,0.925,2.6184764e-05,0.925,2.6265665e-05,0.925,2.6337142e-05,0.925,2.6401908e-05,0.925,2.6464482e-05,-,-,-,-,0.925,2.6614034e-05,0.925,2.6680804e-05,0.925,2.6720196e-05,0.925,2.675755e-05,0.925,2.6793065e-05,0.925,2.6826912e-05
0.98333333,1.1791408e-06,0.98333333,5.5496632e-06,0.98333333,1.0257872e-05,0.98333333,1.740068e-05,0.98333333,2.2211959e-05,0.98333333,2.564031e-05,0.98333333,2.8231147e-05,0.98333333,3.0181223e-05,0.98333333,3.1601571e-05,0.98333333,3.2590042e-05,0.98333333,3.324342e-05,0.98333333,3.3677765e-05,0.98333333,3.3949752e-05,0.98333333,3.4137594e-05,0.98333333,3.4292756e-05,0.98333333,3.4424983e-05,0.98333333,3.4538411e-05,0.98333333,3.4639427e-05,0.98333333,3.4732512e-05,-,-,-,-,0.98333333,3.4968506e-05,0.98333333,3.5037914e-05,0.98333333,3.5101077e-05,0.98333333,3.5200129e-05,0.98333333,3.5255129e-05,0.98333333,3.5307583e-05
1.0416667,1.3518805e-06,1.0416667,6.4152794e-06,1.0416667,1.1986485e-05,1.0416667,2.0765041e-05,1.0416667,2.6891389e-05,1.0416667,3.1231372e-05,1.0416667,3.4512127e-05,1.0416667,3.7054703e-05,1.0416667,3.8988184e-05,1.0416667,4.0412353e-05,1.0416667,4.1419557e-05,1.0416667,4.2115718e-05,1.0416667,4.2591173e-05,1.0416667,4.2894455e-05,1.0416667,4.3130242e-05,1.0416667,4.3328703e-05,1.0416667,4.3497568e-05,1.0416667,4.3646626e-05,1.0416667,4.3778435e-05,-,-,-,-,1.0416667,4.4115015e-05,1.0416667,4.4211255e-05,1.0416667,4.4307085e-05,1.0416667,4.4391996e-05,1.0416667,4.4473734e-05,1.0416667,4.4604907e-05
1.1,1.5207292e-06,1.1,7.262395e-06,1.1,1.3683243e-05,1.1,2.4118181e-05,1.1,3.1694021e-05,1.1,3.7100585e-05,1.1,4.1136514e-05,1.1,4.4293362e-05,1.1,4.6766274e-05,1.1,4.8658885e-05,1.1,5.0066736e-05,1.1,5.108492e-05,1.1,5.1824234e-05,1.1,5.2301464e-05,1.1,5.2645657e-05,1.1,5.2928827e-05,1.1,5.3167178e-05,1.1,5.3373828e-05,1.1,5.3556829e-05,-,-,-,-,1.1,5.4008496e-05,1.1,5.4139357e-05,1.1,5.4259177e-05,1.1,5.437393e-05,1.1,5.4489981e-05,1.1,5.4593003e-05
1.1583333,1.6859421e-06,1.1583333,8.0917371e-06,1.1583333,1.5347054e-05,1.1583333,2.7433834e-05,1.1583333,3.6538796e-05,1.1583333,4.3176783e-05,1.1583333,4.8082952e-05,1.1583333,5.1896116e-05,1.1583333,5.4930085e-05,1.1583333,5.7319067e-05,1.1583333,5.9158909e-05,1.1583333,6.0543573e-05,1.1583333,6.1579774e-05,1.1583333,6.2323938e-05,1.1583333,6.2804917e-05,1.1583333,6.319604e-05,1.1583333,6.352365e-05,1.1583333,6.380088e-05,1.1583333,6.4043925e-05,-,-,-,-,1.1583333,6.4635363e-05,1.1583333,6.4801408e-05,1.1583333,6.4957726e-05,1.1583333,6.5101389e-05,1.1583333,6.5238363e-05,1.1583333,6.5370622e-05
1.2166667,1.8478234e-06,1.2166667,8.9045858e-06,1.2166667,1.6979212e-05,1.2166667,3.0702172e-05,1.2166667,4.1373578e-05,1.2166667,4.937338e-05,1.2166667,5.5303375e-05,1.2166667,5.9850966e-05,1.2166667,6.3477164e-05,1.2166667,6.6386185e-05,1.2166667,6.8687116e-05,1.2166667,7.0467607e-05,1.2166667,7.1837557e-05,1.2166667,7.2897709e-05,1.2166667,7.3598611e-05,1.2166667,7.4110023e-05,1.2166667,7.4546611e-05,1.2166667,7.4913187e-05,1.2166667,7.5227753e-05,-,-,-,-,1.2166667,7.5990848e-05,1.2166667,7.6193999e-05,1.2166667,7.6385128e-05,1.2166667,7.656458e-05,1.2166667,7.6735875e-05,1.2166667,7.6895541e-05
1.275,2.0066677e-06,1.275,9.7022743e-06,1.275,1.8581733e-05,1.275,3.3920468e-05,1.275,4.6170341e-05,1.275,5.5615579e-05,1.275,6.2723722e-05,1.275,6.8126063e-05,1.275,7.2397799e-05,1.275,7.5853823e-05,1.275,7.8640812e-05,1.275,8.0850997e-05,1.275,8.2587991e-05,1.275,8.3963792e-05,1.275,8.4983774e-05,1.275,8.5658915e-05,1.275,8.6216696e-05,1.275,8.6693301e-05,1.275,8.7097434e-05,-,-,-,-,1.275,8.8051238e-05,1.275,8.8314051e-05,1.275,8.8544058e-05,1.275,8.8761627e-05,1.275,8.896547e-05,1.275,8.9162663e-05
1.3333333,2.1627312e-06,1.3333333,1.0486069e-05,1.3333333,2.0156794e-05,1.3333333,3.7089342e-05,1.3333333,5.0915976e-05,1.3333333,6.1853154e-05,1.3333333,7.0261018e-05,1.3333333,7.6666048e-05,1.3333333,8.1669484e-05,1.3333333,8.5711726e-05,1.3333333,8.9010372e-05,1.3333333,9.1677336e-05,1.3333333,9.3814192e-05,1.3333333,9.5520033e-05,1.3333333,9.6912345e-05,1.3333333,9.7840542e-05,1.3333333,9.8520277e-05,1.3333333,9.9121139e-05,1.3333333,9.9635797e-05,-,-,-,-,1.3333333,0.00010080979,1.3333333,0.00010113428,1.3333333,0.00010142963,1.3333333,0.00010168645,1.3333333,0.00010193,1.3333333,0.00010216029
1.3916667,2.3162364e-06,1.3916667,1.1257015e-05,1.3916667,2.1706412e-05,1.3916667,4.0210797e-05,1.3916667,5.5605038e-05,1.3916667,6.8057105e-05,1.3916667,7.7846337e-05,1.3916667,8.5395375e-05,1.3916667,9.1252658e-05,1.3916667,9.5942042e-05,1.3916667,9.9784104e-05,1.3916667,0.00010293434,1.3916667,0.00010549578,1.3916667,0.00010757086,1.3916667,0.0001092798,1.3916667,0.00011060435,1.3916667,0.00011146261,1.3916667,0.00011218695,1.3916667,0.00011282449,-,-,-,-,1.3916667,0.00011426547,1.3916667,0.00011465206,1.3916667,0.00011503412,1.3916667,0.00011533735,1.3916667,0.0001156208,1.3916667,0.00011589021
1.45,2.4673905e-06,1.45,1.2016112e-05,1.45,2.3232281e-05,1.45,4.3287031e-05,1.45,6.0236051e-05,1.45,7.4211425e-05,1.45,8.5432659e-05,1.45,9.4236378e-05,1.45,0.00010108698,1.45,0.00010651555,1.45,0.00011094626,1.45,0.00011460786,1.45,0.00011762123,1.45,0.00012010081,1.45,0.00012214377,1.45,0.0001238645,1.45,0.00012505986,1.45,0.00012587638,1.45,0.00012664813,-,-,-,-,1.45,0.00012840968,1.45,0.00012886105,1.45,0.00012928442,1.45,0.00012970468,1.45,0.00013003611,1.45,0.0001303465
1.5083333,2.6163716e-06,1.5083333,1.276428e-05,1.5083333,2.4736195e-05,1.5083333,4.6320325e-05,1.5083333,6.4809331e-05,1.5083333,8.0307857e-05,1.5083333,9.2990455e-05,1.5083333,0.00010312624,1.5083333,0.00011109788,1.5083333,0.00011738676,1.5083333,0.00012247346,1.5083333,0.00012668224,1.5083333,0.00013017705,1.5083333,0.00013308563,1.5083333,0.00013549503,1.5083333,0.00013753747,1.5083333,0.0001392011,1.5083333,0.00014027924,1.5083333,0.00014109036,-,-,-,-,1.5083333,0.00014321529,1.5083333,0.00014376184,1.5083333,0.00014423759,1.5083333,0.00014470268,1.5083333,0.00014516421,1.5083333,0.00014552375
1.5666667,2.7632823e-06,1.5666667,1.3502106e-05,1.5666667,2.6219493e-05,1.5666667,4.9313073e-05,1.5666667,6.932594e-05,1.5666667,8.6342158e-05,1.5666667,0.00010050159,1.5666667,0.00011202111,1.5666667,0.00012121376,1.5666667,0.00012849268,1.5666667,0.00013433153,1.5666667,0.00013913768,1.5666667,0.00014314616,1.5666667,0.00014650686,1.5666667,0.00014932229,1.5666667,0.00015170361,1.5666667,0.00015372555,1.5666667,0.00015529764,1.5666667,0.00015626554,-,-,-,-,1.5666667,0.00015868429,1.5666667,0.00015932154,1.5666667,0.00015990197,1.5666667,0.00016040493,1.5666667,0.00016090566,1.5666667,0.00016140949
1.625,2.9082528e-06,1.625,1.4230113e-05,1.625,2.7683139e-05,1.625,5.2267322e-05,1.625,7.3787606e-05,1.625,9.2312328e-05,1.625,0.00010795472,1.625,0.00012089078,1.625,0.000131377,1.625,0.00013976074,1.625,0.00014646989,1.625,0.00015194625,1.625,0.00015650934,1.625,0.00016034922,1.625,0.00016359537,1.625,0.00016634584,1.625,0.00016871048,1.625,0.00017071387,1.625,0.0001721559,-,-,-,-,1.625,0.00017478385,1.625,0.00017554467,1.625,0.00017620833,1.625,0.0001768225,1.625,0.00017735487,1.625,0.00017799757
1.6833333,3.0514324e-06,1.6833333,1.4949031e-05,1.6833333,2.9128289e-05,1.6833333,5.5184875e-05,1.6833333,7.8196651e-05,1.6833333,9.821859e-05,1.6833333,0.00011534381,1.6833333,0.00012971601,1.6833333,0.00014154625,1.6833333,0.00015112491,1.6833333,0.0001588235,1.6833333,0.00016506819,1.6833333,0.00017024182,1.6833333,0.00017460024,1.6833333,0.00017830258,1.6833333,0.0001814609,1.6833333,0.00018418078,1.6833333,0.00018650648,1.6833333,0.00018845952,-,-,-,-,1.6833333,0.00019149113,1.6833333,0.00019239404,1.6833333,0.00019318745,1.6833333,0.00019387506,1.6833333,0.00019451753,1.6833333,0.00019508302
1.7416667,3.1928907e-06,1.7416667,1.5659352e-05,1.7416667,3.0556118e-05,1.7416667,5.8067179e-05,1.7416667,8.2554651e-05,1.7416667,0.00010406211,1.7416667,0.00012266595,1.7416667,0.00013848501,1.7416667,0.00015169357,1.7416667,0.00016253436,1.7416667,0.00017132511,1.7416667,0.00017845061,1.7416667,0.00018431221,1.7416667,0.00018923123,1.7416667,0.00019342248,1.7416667,0.00019700194,1.7416667,0.00020010424,1.7416667,0.00020277751,1.7416667,0.00020508398,-,-,-,-,1.7416667,0.00020897586,1.7416667,0.00020986308,1.7416667,0.00021078275,1.7416667,0.00021160532,1.7416667,0.00021231955,1.7416667,0.00021299358
1.8,3.332666e-06,1.8,1.6361265e-05,1.8,3.1967267e-05,1.8,6.0916014e-05,1.8,8.6862664e-05,1.8,0.00010984291,1.8,0.00012991886,1.8,0.00014718914,1.8,0.00016179882,1.8,0.00017395092,1.8,0.00018391572,1.8,0.00019203071,1.8,0.0001986783,1.8,0.00020422072,1.8,0.00020893505,1.8,0.00021297473,1.8,0.0002164934,1.8,0.00021954168,1.8,0.00022217451,-,-,-,-,1.8,0.0002273025,1.8,0.00022812572,1.8,0.00022902375,1.8,0.0002299423,1.8,0.00023079573,1.8,0.00023153978
1.8583333,3.4708458e-06,1.8583333,1.7055114e-05,1.8583333,3.3362197e-05,1.8583333,6.3733088e-05,1.8583333,9.1123156e-05,1.8583333,0.00011556209,1.8583333,0.00013710126,1.8583333,0.00015582233,1.8583333,0.00017184674,1.8583333,0.0001853451,1.8583333,0.00019654678,1.8583333,0.00020574428,1.8583333,0.00021328416,1.8583333,0.00021953169,1.8583333,0.00022482218,1.8583333,0.00022935583,1.8583333,0.00023328909,1.8583333,0.00023673925,1.8583333,0.00023974158,-,-,-,-,1.8583333,0.00024618498,1.8583333,0.00024721476,1.8583333,0.00024806062,1.8583333,0.00024896031,1.8583333,0.00024987125,1.8583333,0.00025075605
1.9166667,3.6075473e-06,1.9166667,1.7741401e-05,1.9166667,3.4741657e-05,1.9166667,6.6519163e-05,1.9166667,9.5338728e-05,1.9166667,0.00012122261,1.9166667,0.0001442145,1.9166667,0.00016438249,1.9166667,0.00018182842,1.9166667,0.00019669643,1.9166667,0.00020918157,1.9166667,0.00021953598,1.9166667,0.0002280669,1.9166667,0.0002351171,1.9166667,0.00024104373,1.9166667,0.00024611832,1.9166667,0.00025050182,1.9166667,0.0002543813,1.9166667,0.00025773974,-,-,-,-,1.9166667,0.00026539318,1.9166667,0.00026691305,1.9166667,0.00026790297,1.9166667,0.00026876871,1.9166667,0.00026966663,1.9166667,0.00027056388
1.975,3.7428083e-06,1.975,1.8420441e-05,1.975,3.6106457e-05,1.975,6.927476e-05,1.975,9.95096e-05,1.975,0.00012682637,1.975,0.00015126037,1.975,0.00017286957,1.975,0.00019173965,1.975,0.00020799258,1.975,0.00022179484,1.975,0.0002333637,1.975,0.00024296919,1.975,0.00025092115,1.975,0.00025756806,1.975,0.00026323295,1.975,0.00026811356,1.975,0.00027242128,1.975,0.00027622215,-,-,-,-,1.975,0.00028488018,1.975,0.00028697473,1.975,0.0002883904,1.975,0.00028936721,1.975,0.00029024228,1.975,0.0002911366
2.0333333,3.876652e-06,2.0333333,1.9092417e-05,2.0333333,3.7457115e-05,2.0333333,7.2001329e-05,2.0333333,0.00010363562,2.0333333,0.00013237254,2.0333333,0.00015823852,2.0333333,0.00018128211,2.0333333,0.0002015762,2.0333333,0.00021922421,2.0333333,0.00023436822,2.0333333,0.00024719581,2.0333333,0.00025794331,2.0333333,0.00026688717,2.0333333,0.00027434894,2.0333333,0.00028067282,2.0333333,0.00028610014,2.0333333,0.00029085786,2.0333333,0.0002950906,-,-,-,-,2.0333333,0.00030484002,2.0333333,0.00030724816,2.0333333,0.00030928332,2.0333333,0.00031061371,2.0333333,0.00031159591,2.0333333,0.00031247798
2.0916667,4.0091568e-06,2.0916667,1.9757591e-05,2.0916667,3.8794117e-05,2.0916667,7.4700777e-05,2.0916667,0.00010771941,2.0916667,0.00013786131,2.0916667,0.00016514797,2.0916667,0.0001896179,2.0916667,0.00021133307,2.0916667,0.00023038184,2.0916667,0.00024688564,2.0916667,0.00026100599,2.0916667,0.00027294943,2.0916667,0.00028296156,2.0916667,0.00029133071,2.0916667,0.00029839144,2.0916667,0.00030442933,2.0916667,0.00030968011,2.0916667,0.00031435532,-,-,-,-,2.0916667,0.00032528302,2.0916667,0.00032801839,2.0916667,0.00033036532,2.0916667,0.00033232531,2.0916667,0.00033359457,2.0916667,0.00033459094
2.15,4.1403793e-06,2.15,2.0416305e-05,2.15,4.0117992e-05,2.15,7.7374131e-05,2.15,0.00011176466,2.15,0.00014329683,2.15,0.00017199059,2.15,0.00019787729,2.15,0.0002210081,2.15,0.00024145873,2.15,0.00025933367,2.15,0.00027477225,2.15,0.00028795427,2.15,0.00029909724,2.15,0.00030845743,2.15,0.00031634614,2.15,0.00032306429,2.15,0.00032885969,2.15,0.00033400576,-,-,-,-,2.15,0.0003461315,2.15,0.00034922064,2.15,0.00035191472,2.15,0.00035421784,2.15,0.00035609354,2.15,0.00035736867
2.2083333,4.2703198e-06,2.2083333,2.1068637e-05,2.2083333,4.1429014e-05,2.2083333,8.0021321e-05,2.2083333,0.00011577213,2.2083333,0.00014868323,2.2083333,0.00017877084,2.2083333,0.00020606338,2.2083333,0.00023060293,2.2083333,0.00025245348,2.2083333,0.00027170527,2.2083333,0.00028847945,2.2083333,0.00030293262,2.2083333,0.00031525635,2.2083333,0.00032567756,2.2083333,0.00033447933,2.2083333,0.00034195886,2.2083333,0.00034837021,2.2083333,0.00035402237,-,-,-,-,2.2083333,0.0003674047,2.2083333,0.00037089442,2.2083333,0.00037390623,2.2083333,0.00037653456,2.2083333,0.00037880959,2.2083333,0.00038060713
2.2666667,4.3990126e-06,2.2666667,2.171463e-05,2.2666667,4.2727279e-05,2.2666667,8.2642302e-05,2.2666667,0.00011974012,2.2666667,0.00015401999,2.2666667,0.00018549117,2.2666667,0.00021417866,2.2666667,0.00024011941,2.2666667,0.00026336689,2.2666667,0.00028399823,2.2666667,0.00030211923,2.2666667,0.00031786724,2.2666667,0.00033141119,2.2666667,0.00034295135,2.2666667,0.0003527404,2.2666667,0.00036106147,2.2666667,0.00036816975,2.2666667,0.00037436819,-,-,-,-,2.2666667,0.00038911991,2.2666667,0.00039297752,2.2666667,0.00039637651,2.2666667,0.0003993045,2.2666667,0.00040188836,2.2666667,0.00040412871
2.325,4.5265066e-06,2.325,2.2354516e-05,2.325,4.4013219e-05,2.325,8.5238028e-05,2.325,0.00012366839,2.325,0.00015930408,2.325,0.00019214958,2.325,0.00022222267,2.325,0.00024955646,2.325,0.00027419705,2.325,0.00029620964,2.325,0.00031568563,2.325,0.00033274601,2.325,0.00034754078,2.325,0.00036024686,2.325,0.00037108733,2.325,0.00038033186,2.325,0.0003882178,2.325,0.00039503255,-,-,-,-,2.325,0.00041124778,2.325,0.00041543869,2.325,0.0004192284,2.325,0.00042255169,2.325,0.00042540899,2.325,0.00042797265
2.3833333,4.652918e-06,2.3833333,2.2988866e-05,2.3833333,4.5287708e-05,2.3833333,8.7810344e-05,2.3833333,0.00012756001,2.3833333,0.00016453626,2.3833333,0.00019874371,2.3833333,0.0002301934,2.3833333,0.00025891171,2.3833333,0.00028493972,2.3833333,0.00030833337,2.3833333,0.00032917082,2.3833333,0.0003475575,2.3833333,0.0003636272,2.3833333,0.00037753706,2.3833333,0.00038948374,2.3833333,0.00039971367,2.3833333,0.00040845885,2.3833333,0.00041597468,-,-,-,-,2.3833333,0.0004337468,2.3833333,0.00043836589,2.3833333,0.00044248882,2.3833333,0.00044620053,2.3833333,0.0004494064,2.3833333,0.00045222815
2.4416667,4.7783048e-06,2.4416667,2.3618025e-05,2.4416667,4.6551619e-05,2.4416667,9.0360858e-05,2.4416667,0.00013141884,2.4416667,0.00016972216,2.4416667,0.0002052764,2.4416667,0.00023809118,2.4416667,0.00026818512,2.4416667,0.00029559297,2.4416667,0.00032036415,2.4416667,0.00034256622,2.4416667,0.00036229011,2.4416667,0.00037965376,2.4416667,0.00039479767,2.4416667,0.00040789597,2.4416667,0.00041917028,2.4416667,0.00042884732,2.4416667,0.00043714698,-,-,-,-,2.4416667,0.00045659549,2.4416667,0.00046167932,2.4416667,0.000466193,2.4416667,0.00047026137,2.4416667,0.00047387301,2.4416667,0.00047698551
2.5,4.9026166e-06,2.5,2.4241933e-05,2.5,4.7805057e-05,2.5,9.2890037e-05,2.5,0.00013524618,2.5,0.00017486674,2.5,0.00021175451,2.5,0.00024592057,2.5,0.00027737997,2.5,0.00030615948,2.5,0.000332302,2.5,0.00035586739,2.5,0.00037693484,2.5,0.00039560723,2.5,0.00041200928,2.5,0.00042629543,2.5,0.00043866482,2.5,0.00044933745,2.5,0.00045850033,-,-,-,-,2.5,0.00047977948,2.5,0.00048536032,2.5,0.00049029467,2.5,0.00049470379,2.5,0.00049870259,2.5,0.00050223127

